auction_date,cusip,security_type,security_term,reopening,inflation_index_security,high_yield,avg_med_yield,bid_to_cover_ratio,offering_amt,comp_accepted,primary_dealer_accepted,primary_dealer_tendered,direct_bidder_accepted,indirect_bidder_accepted,soma_accepted
2009-02-12,912810QA9,Bond,30-Year,No,No,3.5400,3.415000,2.020000,14000000000,13967376000,6932003500,20134000000,2297000000,4738372500,712884300
2009-03-12,912810QA9,Bond,29-Year 11-Month,Yes,No,3.6400,3.597000,2.400000,11000000000,10997479600,4841875600,17917000000,1076174800,5079429200,195642800
2009-05-07,912810QB7,Bond,30-Year,No,No,4.2880,4.185000,2.140000,14000000000,13980550000,8798150000,23791000000,574000000,4608400000,2476535500
2009-06-11,912810QB7,Bond,29-Year 11-Month,Yes,No,4.7200,4.684000,2.680000,11000000000,10980344000,4953403000,17631500000,643000000,5383941000,116261500
2009-07-09,912810QB7,Bond,29-Year 10-Month,Yes,No,4.3030,4.230000,2.360000,11000000000,10993568000,5202788000,17006000000,271000000,5519780000,185945200
2009-08-13,912810QC5,Bond,30-Year,No,No,4.5410,4.480000,2.540000,15000000000,14978455000,6457770000,24169000000,1323000000,7197685000,2316737800
2009-09-10,912810QC5,Bond,29-Year 11-Month,Yes,No,4.2380,4.210000,2.920000,12000000000,11980450000,6174000000,22547000000,239000000,5567450000,25371400
2009-10-08,912810QC5,Bond,29-Year 10-Month,Yes,No,4.0090,3.930000,2.370000,12000000000,11981124000,6825259000,20657000000,1022000000,4133865000,93846100
2009-11-12,912810QD3,Bond,30-Year,No,No,4.4690,4.388000,2.260000,16000000000,15972237100,7009957000,24912350000,1932180100,7030100000,1989301300
2009-12-10,912810QD3,Bond,29-Year 11-Month,Yes,No,4.5200,4.420000,2.450000,13000000000,12981895000,6866426000,22818000000,902062000,5213407000,69918900
2010-01-14,912810QD3,Bond,29-Year 10-Month,Yes,No,4.6400,4.607000,2.680000,13000000000,12982574200,7058196500,23876300000,636337600,5288040100,504755100
2010-02-11,912810QE1,Bond,30-Year,No,No,4.7200,4.640000,2.360000,16000000000,15980095700,7573590500,25232000000,3847481400,4559023800,1796768900
2010-02-22,912810QF8,Bond,30-Year,No,Yes,2.2290,2.145000,2.450000,8000000000,7913925000,4050285000,14482000000,505750000,3357890000,0
2010-03-11,912810QE1,Bond,29-Year 11-Month,Yes,No,4.6790,4.645000,2.890000,13000000000,12978916000,6026600000,24033200000,3848000000,3104316000,153804000
2010-04-08,912810QE1,Bond,29-Year 10-Month,Yes,No,4.7700,4.728000,2.730000,13000000000,12986601600,4893032000,21535400100,3308597600,4784972000,951651500
2010-05-13,912810QH4,Bond,30-Year,No,No,4.4900,4.438000,2.600000,16000000000,15970444200,7291263000,27201000000,3486721000,5192460200,1394456200
2010-06-10,912810QH4,Bond,29-Year 11-Month,Yes,No,4.1820,4.140000,2.870000,13000000000,12974030000,5665010000,24463800000,2634420000,4674600000,75028500
2010-07-14,912810QH4,Bond,29-Year 10-Month,Yes,No,4.0800,4.039000,2.890000,13000000000,12985141500,6030859900,24090300000,2093261500,4861020100,3691300
2010-08-12,912810QK7,Bond,30-Year,No,No,3.9540,3.890000,2.770000,16000000000,15946538000,5633578000,25072000000,2971000000,7341960000,958131400
2010-08-23,912810QF8,Bond,29-Year 6-Month,Yes,Yes,1.7680,1.715000,2.780000,7000000000,6961930000,2305330000,11841000000,1946400000,2710200000,171388200
2010-09-09,912810QK7,Bond,29-Year 11-Month,Yes,No,3.8200,3.755000,2.730000,13000000000,12985762000,7222022000,25581200000,1077000000,4686740000,140636300
2010-10-14,912810QK7,Bond,29-Year 10-Month,Yes,No,3.8520,3.782000,2.490000,13000000000,12987894000,7607431000,21989000000,1178000000,4202463000,114242400
2010-11-10,912810QL5,Bond,30-Year,No,No,4.3200,4.220000,2.310000,16000000000,15965370000,8111416000,23673500000,1722954000,6131000000,429030600
2010-12-09,912810QL5,Bond,29-Year 11-Month,Yes,No,4.4100,4.380000,2.740000,13000000000,12975079000,5502347500,21392000000,1055208500,6417523000,189090900
2011-01-13,912810QL5,Bond,29-Year 10-Month,Yes,No,4.5150,4.429000,2.670000,13000000000,12987572500,6476372500,21793000000,1604000000,4907200000,284893500
2011-02-10,912810QN1,Bond,30-Year,No,No,4.7500,4.670000,2.510000,16000000000,15957319000,7807250000,26585000000,1274900000,6875169000,367113300
2011-02-17,912810QP6,Bond,30-Year,No,Yes,2.1900,2.130000,2.540000,9000000000,8941640000,3684880000,14907000000,320500000,4936260000,494392000
2011-03-10,912810QN1,Bond,29-Year 11-Month,Yes,No,4.5690,4.530000,3.020000,13000000000,12981221100,6878500000,24267500000,824720100,5278001000,0
2011-04-14,912810QN1,Bond,29-Year 10-Month,Yes,No,4.5310,4.495000,2.830000,13000000000,12986800000,5456000000,23105000000,1401000000,6129800000,639931900
2011-05-12,912810QQ4,Bond,30-Year,No,No,4.3800,4.300000,2.430000,16000000000,15975790000,9303346000,27221000000,1395120000,5277324000,0
2011-06-09,912810QQ4,Bond,29-Year 11-Month,Yes,No,4.2380,4.170000,2.630000,13000000000,12979895500,6788512500,22967000000,1208210000,4983173000,0
2011-06-23,912810QP6,Bond,29-Year 8-Month,Yes,Yes,1.7440,1.690000,3.020000,7000000000,6978954000,3525000000,13508000000,1824404000,1629550000,225361200
2011-07-14,912810QQ4,Bond,29-Year 10-Month,Yes,No,4.1980,4.170000,2.800000,13000000000,12990828600,5233000000,22653000000,2848528600,4909300000,0
2011-08-11,912810QS0,Bond,30-Year,No,No,3.7500,3.629000,2.080000,16000000000,15985160000,10921532000,23734000000,3119654000,1943974000,489928400
2011-09-14,912810QS0,Bond,29-Year 11-Month,Yes,No,3.3100,3.285000,2.850000,13000000000,12985241000,5621444000,21572000000,2251854400,5111942600,0
2011-10-13,912810QS0,Bond,29-Year 10-Month,Yes,No,3.1200,3.095000,2.940000,13000000000,12986795500,5436363500,23614500000,3827057500,3723374500,0
2011-10-20,912810QP6,Bond,29-Year 4-Month,Yes,Yes,0.9990,0.960000,3.060000,7000000000,6986012500,2108120500,13815000000,1862110000,3015782000,266148900
2011-11-10,912810QT8,Bond,30-Year,No,No,3.1990,3.100000,2.400000,16000000000,15988527000,8911427000,26021500000,2531300000,4545800000,1224243600
2011-12-14,912810QT8,Bond,29-Year 11-Month,Yes,No,2.9250,2.890000,3.050000,13000000000,12979616000,6006456000,26651500000,2750840000,4222320000,475773100
2012-01-12,912810QT8,Bond,29-Year 10-Month,Yes,No,2.9850,2.914000,2.600000,13000000000,12986800000,7911130000,24892000000,933600000,4142070000,922652900
2012-02-09,912810QU5,Bond,30-Year,No,No,3.2400,3.180000,2.470000,16000000000,15963522900,8952073000,27031000000,2354000000,4657449900,1950884900
2012-02-16,912810QV3,Bond,30-Year,No,Yes,0.7700,0.654000,2.460000,9000000000,8956291000,4100816000,16213000000,1221400000,3634075000,127751900
2012-03-14,912810QU5,Bond,29-Year 11-Month,Yes,No,3.3830,3.320000,2.700000,13000000000,12992497000,7317000000,24152000000,1910937000,3764560000,902655800
2012-04-12,912810QU5,Bond,29-Year 10-Month,Yes,No,3.2300,3.171000,2.760000,13000000000,12994979500,7269377500,24762000000,1739567000,3986035000,2365458100
2012-05-10,912810QW1,Bond,30-Year,No,No,3.0900,3.060000,2.730000,16000000000,15980516700,8121952500,28742000000,2463688600,5394875600,1000964200
2012-06-14,912810QW1,Bond,29-Year 11-Month,Yes,No,2.7200,2.679000,2.400000,13000000000,12991345000,5649289000,20376100000,3121500000,4220556000,917863600
2012-06-21,912810QV3,Bond,29-Year 8-Month,Yes,Yes,0.5200,0.443000,2.640000,7000000000,6989982900,2631205500,12369000000,1962000000,2396777400,0
2012-07-12,912810QW1,Bond,29-Year 10-Month,Yes,No,2.5800,2.549000,2.700000,13000000000,12990192000,5601672000,22282000000,2614160000,4774360000,0
2012-08-09,912810QX9,Bond,30-Year,No,No,2.8250,2.765000,2.410000,16000000000,15980892000,8886824000,26655000000,1229000000,5865068000,0
2012-09-13,912810QX9,Bond,29-Year 11-Month,Yes,No,2.8960,2.860000,2.680000,13000000000,12989950000,6357550000,23982000000,1606500000,5025900000,0
2012-10-11,912810QX9,Bond,29-Year 10-Month,Yes,No,2.9040,2.844000,2.490000,13000000000,12994701000,7707451000,23084000000,1840000000,3447250000,0
2012-10-18,912810QV3,Bond,29-Year 4-Month,Yes,Yes,0.4790,0.419000,2.820000,7000000000,6985120400,2630000000,13056000000,925365200,3429755200,0
2012-11-08,912810QY7,Bond,30-Year,No,No,2.8200,2.800000,2.770000,16000000000,15983444400,6736517400,28526000000,1985407400,7261519600,0
2012-12-13,912810QY7,Bond,29-Year 11-Month,Yes,No,2.9170,2.855000,2.500000,13000000000,12989562500,5983047500,22181000000,2633500000,4373015000,0
2013-01-10,912810QY7,Bond,29-Year 10-Month,Yes,No,3.0700,3.032000,2.770000,13000000000,12989715500,5910162500,24069000000,2163163500,4916389500,0
2013-02-14,912810QZ4,Bond,30-Year,No,No,3.1800,3.139000,2.740000,16000000000,15980720000,7852860000,29700000000,2315000000,5812860000,0
2013-02-21,912810RA8,Bond,30-Year,No,Yes,0.6390,0.572000,2.470000,9000000000,8976956000,2833000000,14645000000,1255000000,4888956000,0
2013-03-14,912810QZ4,Bond,29-Year 11-Month,Yes,No,3.2480,3.185000,2.430000,13000000000,12985524900,6901237500,22213000000,633000000,5451287400,0
2013-04-11,912810QZ4,Bond,29-Year 10-Month,Yes,No,2.9980,2.950000,2.490000,13000000000,12994492000,6409392000,22201000000,2499522000,4085578000,0
2013-05-09,912810RB6,Bond,30-Year,No,No,2.9800,2.944000,2.530000,16000000000,15987798500,7307889000,27417500000,2474401000,6205508500,0
2013-06-13,912810RB6,Bond,29-Year 11-Month,Yes,No,3.3550,3.285000,2.470000,13000000000,12996532000,6662532000,20601000000,1104600000,5229400000,0
2013-06-20,912810RA8,Bond,29-Year 8-Month,Yes,Yes,1.4200,1.300000,2.480000,7000000000,6982081700,2713438500,12336200000,25000000,4243643200,0
2013-07-11,912810RB6,Bond,29-Year 10-Month,Yes,No,3.6600,3.619000,2.260000,13000000000,12991278700,5644338200,19453500000,2122630200,5224310300,0
2013-08-08,912810RC4,Bond,30-Year,No,No,3.6520,3.599000,2.110000,16000000000,15988105000,6831293000,22868400000,2732300000,6424512000,0
2013-09-12,912810RC4,Bond,29-Year 11-Month,Yes,No,3.8200,3.779000,2.400000,13000000000,12988700000,5419731000,20388200000,2672590000,4896379000,0
2013-10-10,912810RC4,Bond,29-Year 10-Month,Yes,No,3.7580,3.740000,2.640000,13000000000,12987665700,4608000000,20990000000,2941390000,5438275700,0
2013-10-24,912810RA8,Bond,29-Year 4-Month,Yes,Yes,1.3300,1.278000,2.760000,7000000000,6989552200,2507497200,12503000000,1335000000,3147055000,0
2013-11-14,912810RD2,Bond,30-Year,No,No,3.8100,3.758000,2.160000,16000000000,15984557600,7429616000,22798000000,2920359000,5634582600,0
2013-12-12,912810RD2,Bond,29-Year 11-Month,Yes,No,3.9000,3.859000,2.350000,13000000000,12995076400,5386270400,20175000000,1630000000,5978806000,0
2014-01-09,912810RD2,Bond,29-Year 10-Month,Yes,No,3.8990,3.860000,2.570000,13000000000,12994052600,4948695000,21579600000,2272826000,5772531600,0
2014-02-13,912810RE0,Bond,30-Year,No,No,3.6900,3.660000,2.270000,16000000000,15973955600,6520337600,24560000000,2224873600,7228744400,0
2014-02-20,912810RF7,Bond,30-Year,No,Yes,1.4950,1.429000,2.340000,9000000000,8990284000,3462770000,14269000000,445000000,5082514000,25283700
2014-03-13,912810RE0,Bond,29-Year 11-Month,Yes,No,3.6300,3.572000,2.350000,13000000000,12983982500,6316369000,21959400000,1635215000,5032398500,0
2014-04-10,912810RE0,Bond,29-Year 10-Month,Yes,No,3.5250,3.486000,2.520000,13000000000,12994814300,5037162500,21812700000,2326275700,5631376100,0
2014-05-08,912810RG5,Bond,30-Year,No,No,3.4400,3.366000,2.090000,16000000000,15972546000,8175221000,24749000000,1348000000,6449325000,0
2014-06-12,912810RG5,Bond,29-Year 11-Month,Yes,No,3.4440,3.424000,2.690000,13000000000,12992125000,3440310000,21626600000,2827000000,6724815000,0
2014-06-19,912810RF7,Bond,29-Year 8-Month,Yes,Yes,1.1160,1.057000,2.760000,7000000000,6989189000,2244000000,13186000000,574000000,4171189000,0
2014-07-10,912810RG5,Bond,29-Year 10-Month,Yes,No,3.3690,3.322000,2.400000,13000000000,12992272000,4635195000,20370000000,1440577000,6916500000,0
2014-08-14,912810RH3,Bond,30-Year,No,No,3.2240,3.209000,2.600000,16000000000,15975753000,4758672500,25313000000,3891380500,7325700000,0
2014-09-11,912810RH3,Bond,29-Year 11-Month,Yes,No,3.2400,3.222000,2.670000,13000000000,12991801000,4259869000,21065000000,2825959400,5905972600,0
2014-10-09,912810RH3,Bond,29-Year 10-Month,Yes,No,3.0740,3.040000,2.400000,13000000000,12992973000,4189073000,19498000000,2799000000,6004900000,0
2014-10-23,912810RF7,Bond,29-Year 4-Month,Yes,Yes,0.9850,0.929000,2.290000,7000000000,6982090000,2163000000,10031000000,315000000,4504090000,0
2014-11-13,912810RJ9,Bond,30-Year,No,No,3.0920,3.045000,2.290000,16000000000,15979608800,6783978000,24753800000,2199000000,6996630800,21351600
2014-12-11,912810RJ9,Bond,29-Year 11-Month,Yes,No,2.8480,2.819000,2.760000,13000000000,12993900800,3366000000,20692000000,3152000000,6475900800,0
2015-01-14,912810RJ9,Bond,29-Year 10-Month,Yes,No,2.4300,2.374000,2.320000,13000000000,12996689000,4860544700,20033000000,1779454800,6356689500,0
2015-02-12,912810RK6,Bond,30-Year,No,No,2.5600,2.506000,2.260000,16000000000,15977833000,5615644000,24123000000,2469172000,7893017000,603700
2015-02-19,912810RL4,Bond,30-Year,No,Yes,0.8420,0.779000,2.430000,9000000000,8983111400,2425400000,12729400000,356000000,6201711400,0
2015-03-12,912810RK6,Bond,29-Year 11-Month,Yes,No,2.6810,2.622000,2.180000,13000000000,12988700000,4748500000,19059500000,1501918500,6738281500,0
2015-04-09,912810RK6,Bond,29-Year 10-Month,Yes,No,2.5970,2.529000,2.180000,13000000000,12991787000,5426360000,19946000000,906000000,6659427000,0
2015-05-14,912810RM2,Bond,30-Year,No,No,3.0440,2.980000,2.200000,16000000000,15980095000,6079270000,23411000000,1780000000,8120825000,361879100
2015-06-11,912810RM2,Bond,29-Year 11-Month,Yes,No,3.1380,3.100000,2.540000,13000000000,12990127000,4364485000,20728000000,1870280000,6755362000,0
2015-06-18,912810RL4,Bond,29-Year 8-Month,Yes,Yes,1.1420,1.075000,2.450000,7000000000,6990315000,1740060000,10618000000,300000000,4950255000,0
2015-07-09,912810RM2,Bond,29-Year 10-Month,Yes,No,3.0840,3.023000,2.230000,13000000000,12990135000,5300000000,19630000000,1055000000,6635135000,0
2015-08-13,912810RN0,Bond,30-Year,No,No,2.8800,2.810000,2.260000,16000000000,15991233000,6107735000,24577000000,1587000000,8296498000,321640200
2015-09-10,912810RN0,Bond,29-Year 11-Month,Yes,No,2.9800,2.950000,2.540000,13000000000,12986627000,3450632000,20764000000,961000000,8574995000,0
2015-10-08,912810RN0,Bond,29-Year 10-Month,Yes,No,2.9140,2.874000,2.460000,13000000000,12998353300,3652370000,20715500000,2017000000,7328983300,0
2015-10-22,912810RL4,Bond,29-Year 4-Month,Yes,Yes,1.2000,1.125000,2.620000,7000000000,6982886500,1513000000,11069000000,593000000,4876886500,0
2015-11-12,912810RP5,Bond,30-Year,No,No,3.0700,3.030000,2.410000,16000000000,15984180000,4728746500,24174200000,1624688500,9630745000,81521500
2015-12-10,912810RP5,Bond,29-Year 11-Month,Yes,No,2.9780,2.930000,2.420000,13000000000,12990084500,3342227000,20130100000,1349000000,8298857500,0
2016-01-14,912810RP5,Bond,29-Year 10-Month,Yes,No,2.9050,2.842000,2.290000,13000000000,12987262000,4238018500,19596500000,1409000000,7340243500,0
2016-02-11,912810RQ3,Bond,30-Year,No,No,2.5000,2.391000,2.090000,15000000000,14983581200,4754480000,19766300000,1535876000,8693225200,1177806200
2016-02-18,912810RR1,Bond,30-Year,No,Yes,1.1200,1.010000,2.110000,7000000000,6979778000,1878015000,8956000000,192000000,4909763000,2346033000
2016-03-10,912810RQ3,Bond,29-Year 11-Month,Yes,No,2.7200,2.675000,2.330000,12000000000,11996210600,3243823000,17142500000,1441000000,7311387600,0
2016-04-14,912810RQ3,Bond,29-Year 10-Month,Yes,No,2.5960,2.560000,2.400000,12000000000,11987516000,2886345000,17238500000,1296500000,7804671000,84447600
2016-05-12,912810RS9,Bond,30-Year,No,No,2.6150,2.554000,2.190000,15000000000,14984696000,4719288000,21041200000,1315000000,8950408000,3392254100
2016-06-09,912810RS9,Bond,29-Year 11-Month,Yes,No,2.4750,2.430000,2.420000,12000000000,11997283500,3236609500,18684200000,970174500,7790499500,0
2016-06-22,912810RR1,Bond,29-Year 8-Month,Yes,Yes,0.9050,0.850000,2.690000,5000000000,4984619300,1145571500,7437000000,0,3839047800,729402900
2016-07-13,912810RS9,Bond,29-Year 10-Month,Yes,No,2.1720,2.130000,2.480000,12000000000,11996909400,2770188000,18086000000,1009500000,8217221400,781586800
2016-08-11,912810RT7,Bond,30-Year,No,No,2.2740,2.205000,2.240000,15000000000,14994474400,4146168000,21066000000,1633980000,9214326400,1536425000
2016-09-13,912810RT7,Bond,29-Year 11-Month,Yes,No,2.4750,2.400000,2.130000,12000000000,11981287900,4489864800,17345300000,549493200,6941929900,0
2016-10-13,912810RT7,Bond,29-Year 10-Month,Yes,No,2.4700,2.425000,2.440000,12000000000,11993142200,3415405000,18367500000,735000000,7842737200,0
2016-10-20,912810RR1,Bond,29-Year 4-Month,Yes,Yes,0.6660,0.599000,2.280000,5000000000,4991818500,1076856000,6877000000,452000000,3462962500,302268600
2016-11-10,912810RU4,Bond,30-Year,No,No,2.9020,2.826000,2.110000,15000000000,14990499200,4955112000,19720000000,1873000000,8162387200,3283818600
2016-12-13,912810RU4,Bond,29-Year 11-Month,Yes,No,3.1520,3.100000,2.390000,12000000000,11994987400,3219265000,17640000000,1115700000,7660022400,0
2017-01-12,912810RU4,Bond,29-Year 10-Month,Yes,No,2.9140,2.850000,2.320000,12000000000,11994935000,3455500000,17462500000,544000000,7995435000,664925700
2017-02-09,912810RV2,Bond,30-Year,No,No,3.0050,2.944000,2.250000,15000000000,14995499500,4331882500,21084000000,735000000,9928617000,1731907900
2017-02-16,912810RW0,Bond,30-Year,No,Yes,0.9230,0.818000,2.250000,7000000000,6979775000,1649420000,9790000000,460000000,4870355000,970809300
2017-03-09,912810RV2,Bond,29-Year 11-Month,Yes,No,3.1700,3.120000,2.340000,12000000000,11993718400,3098049500,17062000000,1573065400,7322603500,0
2017-04-12,912810RV2,Bond,29-Year 10-Month,Yes,No,2.9380,2.861000,2.230000,12000000000,11992750500,3563515000,16728000000,698000000,7731235500,98632100
2017-05-11,912810RX8,Bond,30-Year,No,No,3.0500,3.000000,2.190000,15000000000,14987803000,5341230000,21410100000,792000000,8854573000,4955647200
2017-06-13,912810RX8,Bond,29-Year 11-Month,Yes,No,2.8700,2.820000,2.320000,12000000000,11997542500,3548471000,17633700000,805000000,7644071500,0
2017-06-22,912810RW0,Bond,29-Year 8-Month,Yes,Yes,0.8800,0.850000,2.830000,5000000000,4990663800,772732400,7401000000,421000000,3796931400,607773900
2017-07-13,912810RX8,Bond,29-Year 10-Month,Yes,No,2.9360,2.870000,2.310000,12000000000,11995970000,3831640000,18116000000,765000000,7399330000,273906900
2017-08-10,912810RY6,Bond,30-Year,No,No,2.8180,2.760000,2.320000,15000000000,14997186500,4172865000,21604000000,807035000,10017286500,4513306400
2017-09-13,912810RY6,Bond,29-Year 11-Month,Yes,No,2.7900,2.739000,2.210000,12000000000,11995788000,4126280000,16845900000,818000000,7051508000,0
2017-10-12,912810RY6,Bond,29-Year 10-Month,Yes,No,2.8700,2.824000,2.530000,12000000000,11995097500,3189571500,18387060000,1272000000,7533526000,0
2017-10-19,912810RW0,Bond,29-Year 4-Month,Yes,Yes,0.9080,0.844000,2.640000,5000000000,4989275000,1152640000,7569000000,25000000,3811635000,125068400
2017-11-09,912810RZ3,Bond,30-Year,No,No,2.8010,2.749000,2.230000,15000000000,14995116000,4762610000,21022000000,963000000,9269506000,1823982000
2017-12-12,912810RZ3,Bond,29-Year 11-Month,Yes,No,2.8040,2.753000,2.480000,12000000000,11992460000,3484950000,18122600000,1083000000,7424510000,0
2018-01-11,912810RZ3,Bond,29-Year 10-Month,Yes,No,2.8670,2.834000,2.740000,12000000000,11997353200,2547563200,18202700000,873000000,8576790000,406389000
2018-02-08,912810SA7,Bond,30-Year,No,No,3.1210,3.060000,2.260000,16000000000,15983370000,4922065000,22208000000,1287000000,9774305000,3024075100
2018-02-15,912810SB5,Bond,30-Year,No,Yes,1.0030,0.933000,2.310000,7000000000,6976330200,1571208000,9152000000,268000000,5137122200,1706564400
2018-03-13,912810SA7,Bond,29-Year 11-Month,Yes,No,3.1090,3.075000,2.380000,13000000000,12995571000,3548000000,18291000000,1917000000,7530571000,0
2018-04-12,912810SA7,Bond,29-Year 10-Month,Yes,No,3.0440,2.999000,2.410000,13000000000,12998197000,3171000000,18775000000,1896000000,7931197000,22287100
2018-05-10,912810SC3,Bond,30-Year,No,No,3.1300,3.100000,2.380000,17000000000,16994954700,4913239000,23767000000,1418000000,10663715700,4098155300
2018-06-12,912810SC3,Bond,29-Year 11-Month,Yes,No,3.1000,3.063000,2.380000,14000000000,13992939100,3846767100,20231000000,1437258000,8708914000,0
2018-06-21,912810SB5,Bond,29-Year 8-Month,Yes,Yes,0.9340,0.890000,2.620000,5000000000,4997983200,730405500,7448000000,230000000,4037577700,0
2018-07-12,912810SC3,Bond,29-Year 10-Month,Yes,No,2.9580,2.914000,2.340000,14000000000,13995064000,3890000000,20165000000,1445000000,8660064000,54415100
2018-08-09,912810SD1,Bond,30-Year,No,No,3.0900,3.048000,2.270000,18000000000,17991688500,5346461000,25629000000,1446000000,11199227500,2419911400
2018-09-13,912810SD1,Bond,29-Year 11-Month,Yes,No,3.0880,3.050000,2.340000,15000000000,14996787500,4049031000,21954000000,1692857500,9254899000,0
2018-10-11,912810SD1,Bond,29-Year 10-Month,Yes,No,3.3440,3.309000,2.420000,15000000000,14997966200,3421101000,21864000000,1916000000,9660865200,0
2018-10-18,912810SB5,Bond,29-Year 4-Month,Yes,Yes,1.2350,1.170000,2.320000,5000000000,4998075700,1166187000,7021000000,46995000,3784893700,0
2018-11-07,912810SE9,Bond,30-Year,No,No,3.4180,3.360000,2.060000,19000000000,18993389800,7227000000,25997000000,550000000,11216389800,3874684700
2018-12-13,912810SE9,Bond,29-Year 11-Month,Yes,No,3.1650,3.110000,2.310000,16000000000,15995815500,3528025000,22186000000,1844000000,10623790500,0
2019-01-10,912810SE9,Bond,29-Year 10-Month,Yes,No,3.0350,2.990000,2.190000,16000000000,15992784300,4275503000,21757000000,2550100000,9167181300,0
2019-02-07,912810SF6,Bond,30-Year,No,No,3.0220,2.972000,2.270000,19000000000,18992283200,5060310000,26529000000,3229100000,10702873200,4575618500
2019-02-21,912810SG4,Bond,30-Year,No,Yes,1.0930,1.040000,2.460000,8000000000,7990077700,1198818300,10877000000,237000000,6554259400,385006000
2019-03-13,912810SF6,Bond,29-Year 11-Month,Yes,No,3.0140,2.950000,2.250000,16000000000,15997798300,4501463000,22541000000,2248300000,9248035300,0
2019-04-11,912810SF6,Bond,29-Year 10-Month,Yes,No,2.9300,2.870000,2.250000,16000000000,15997217500,4021640000,22603000000,2303362500,9672215000,2223100
2019-05-09,912810SH2,Bond,30-Year,No,No,2.8920,2.840000,2.200000,19000000000,18992200500,5418212500,27140000000,2086200000,11487788000,6472494800
2019-06-13,912810SH2,Bond,29-Year 11-Month,Yes,No,2.6070,2.555000,2.320000,16000000000,15990054000,3850657000,23509000000,2421200000,9718197000,0
2019-07-11,912810SH2,Bond,29-Year 10-Month,Yes,No,2.6440,2.570000,2.130000,16000000000,15992757000,5314762000,22873000000,2683300000,7994695000,136220700
2019-08-08,912810SJ8,Bond,30-Year,No,No,2.3350,2.265000,2.240000,19000000000,18991314000,4965230000,26627000000,2377884000,11648200000,12398496800
2019-08-22,912810SG4,Bond,29-Year 6-Month,Yes,Yes,0.5010,0.460000,2.700000,7000000000,6989083800,743000000,9447000000,541650000,5704433800,0
2019-09-12,912810SJ8,Bond,29-Year 11-Month,Yes,No,2.2700,2.205000,2.220000,16000000000,15981862800,4216078000,22812000000,2126700000,9639084800,0
2019-10-10,912810SJ8,Bond,29-Year 10-Month,Yes,No,2.1700,2.119000,2.250000,16000000000,15997302900,3669756500,22248000000,2965600000,9361946400,0
2019-11-07,912810SK5,Bond,30-Year,No,No,2.4300,2.375000,2.230000,19000000000,18985715000,3935722500,26011000000,3888700000,11161292500,8996661200
2019-12-12,912810SK5,Bond,29-Year 11-Month,Yes,No,2.3070,2.265000,2.460000,16000000000,15994580000,2473550000,22432000000,3375600000,10145430000,0
2020-01-09,912810SK5,Bond,29-Year 10-Month,Yes,No,2.3410,2.310000,2.540000,16000000000,15983332000,3050475000,23307000000,2858734300,10074122700,511941100
2020-02-13,912810SL3,Bond,30-Year,No,No,2.0610,2.010000,2.430000,19000000000,18996908800,3623475000,26953000000,3687700000,11685733800,8449869800
2020-02-20,912810SM1,Bond,30-Year,No,Yes,0.2610,0.200000,2.400000,8000000000,7993317500,1182390500,11057000000,918000000,5892927000,0
2020-03-12,912810SL3,Bond,29-Year 11-Month,Yes,No,1.3200,1.220000,2.360000,16000000000,15997570200,3452000000,20641000000,1420000000,11125570200,15384600
2020-04-08,912810SL3,Bond,29-Year 10-Month,Yes,No,1.3250,1.270000,2.350000,17000000000,16996500700,3842205000,23368500000,1862000000,11292295700,55953000
2020-05-13,912810SN9,Bond,30-Year,No,No,1.3420,1.279000,2.300000,22000000000,21993520000,4701400000,29507000000,2845200000,14446920000,11634673100
2020-06-11,912810SN9,Bond,29-Year 11-Month,Yes,No,1.4500,1.380000,2.300000,19000000000,18999108200,4663961200,26638000000,2517400000,11817747000,270130400
2020-07-09,912810SN9,Bond,29-Year 10-Month,Yes,No,1.3300,1.294000,2.500000,19000000000,18997073000,3314976600,25688000000,1995000000,13687096400,1666885300
2020-08-13,912810SP4,Bond,30-Year,No,No,1.4060,1.320000,2.140000,26000000000,25991895000,7354440000,34323000000,3086400000,15551055000,15463573000
2020-08-20,912810SM1,Bond,29-Year 6-Month,Yes,Yes,-0.2720,-0.380000,2.250000,7000000000,6990635000,1543293000,10286000000,526000000,4921342000,608117200
2020-09-10,912810SP4,Bond,29-Year 11-Month,Yes,No,1.4730,1.418000,2.310000,23000000000,22993399000,4902284000,30622000000,3698000000,14393115000,945555500
2020-10-08,912810SP4,Bond,29-Year 10-Month,Yes,No,1.5780,1.513000,2.290000,23000000000,22996151800,5291921000,31735000000,3443400000,14260830800,643372700
2020-11-12,912810SS8,Bond,30-Year,No,No,1.6800,1.620000,2.290000,27000000000,26986999000,5817878000,35459000000,4463300000,16705821000,7403440700
2020-12-10,912810SS8,Bond,29-Year 11-Month,Yes,No,1.6650,1.626000,2.480000,24000000000,23997277300,4166000000,31752000000,4024034400,15807242900,1022237200
2021-01-13,912810SS8,Bond,29-Year 10-Month,Yes,No,1.8250,1.790000,2.470000,24000000000,23996512600,3396744500,32295000000,4128017500,16471750600,2412623500
2021-02-11,912810SU3,Bond,30-Year,No,No,1.9330,1.870000,2.180000,27000000000,26989315200,5992955200,35006000000,4679620000,16316740000,9795027400
2021-02-18,912810SV1,Bond,30-Year,No,Yes,-0.0400,-0.130000,2.310000,9000000000,8976926000,1545315000,11682000000,1314000000,6117611000,0
2021-03-11,912810SU3,Bond,29-Year 11-Month,Yes,No,2.2950,2.230000,2.280000,24000000000,23994280000,4609756000,31233000000,4855700000,14528824000,1487400000
2021-04-13,912810SU3,Bond,29-Year 10-Month,Yes,No,2.3200,2.270000,2.470000,24000000000,23993018000,4101400000,32356000000,5265970000,14625648000,3684402400
2021-05-13,912810SX7,Bond,30-Year,No,No,2.3950,2.315000,2.220000,27000000000,26989331700,5411506700,34577000000,5415300000,16162525000,14323630000
2021-06-10,912810SX7,Bond,29-Year 11-Month,Yes,No,2.1720,2.100000,2.290000,24000000000,23996814500,4313726500,32270000000,4316700000,15366388000,2206400000
2021-07-13,912810SX7,Bond,29-Year 10-Month,Yes,No,2.0000,1.900000,2.190000,24000000000,23998547300,5347580800,31608000000,3989841500,14661125000,3950918000
2021-08-12,912810SZ2,Bond,30-Year,No,No,2.0400,1.959000,2.210000,27000000000,26997292300,4953777300,34418000000,5668600000,16374915000,12045822100
2021-08-19,912810SV1,Bond,29-Year 6-Month,Yes,Yes,-0.2920,-0.360000,2.340000,8000000000,7994305500,1017000000,10513000000,990000000,5987305500,1005133700
2021-09-09,912810SZ2,Bond,29-Year 11-Month,Yes,No,1.9100,1.860000,2.490000,24000000000,23998388300,3139591000,32364000000,4139313800,16719483500,2555600000
2021-10-13,912810SZ2,Bond,29-Year 10-Month,Yes,No,2.0490,1.970000,2.360000,24000000000,23996214400,2948000000,31745000000,4120000000,16928214400,1805800000
2021-11-10,912810TB4,Bond,30-Year,No,No,1.9400,1.824000,2.200000,25000000000,24996054000,6305384000,34043000000,3943890000,14746780000,14461395800
2021-12-09,912810TB4,Bond,29-Year 11-Month,Yes,No,1.8950,1.800000,2.220000,22000000000,21997290000,4555785000,28507000000,4066785000,13374720000,3244017800
2022-01-13,912810TB4,Bond,29-Year 10-Month,Yes,No,2.0750,2.000000,2.350000,22000000000,21997657500,3948099500,29903000000,3756281500,14293276500,3529872200
2022-02-10,912810TD0,Bond,30-Year,No,No,2.3400,2.249000,2.300000,23000000000,22996924400,3287463000,30390000000,4082150000,15627311400,13914127100
2022-02-17,912810TE8,Bond,30-Year,No,Yes,0.1950,0.049000,2.170000,9000000000,8986020000,1820400000,11923000000,886000000,6279620000,1541840600
2022-03-10,912810TD0,Bond,29-Year 11-Month,Yes,No,2.3750,2.320000,2.460000,20000000000,19995810500,2411321000,26614000000,3284127400,14300362100,3360392100
2022-04-13,912810TD0,Bond,29-Year 10-Month,Yes,No,2.8150,2.725000,2.300000,20000000000,19995400600,3172481000,26996000000,3780900000,13042019600,4770883200
2022-05-12,912810TG3,Bond,30-Year,No,No,2.9970,2.910000,2.380000,22000000000,21985717700,3021000000,29686000000,3648842700,15315875000,15396398600
2022-06-09,912810TG3,Bond,29-Year 11-Month,Yes,No,3.1850,3.105000,2.350000,19000000000,18995835000,2675000000,25999000000,3209450000,13111385000,1117186100
2022-07-13,912810TG3,Bond,29-Year 10-Month,Yes,No,3.1150,3.050000,2.440000,19000000000,18997865100,1988000000,26111000000,3103450000,13906415100,2421692400
2022-08-11,912810TJ7,Bond,30-Year,No,No,3.1060,3.019000,2.310000,21000000000,20991551000,2275000000,27682000000,3886400000,14830151000,13282157000
2022-08-18,912810TE8,Bond,29-Year 6-Month,Yes,Yes,0.9200,0.860000,2.690000,8000000000,7993466300,885625000,11258000000,961000000,6146841300,1041528400
2022-09-13,912810TJ7,Bond,29-Year 11-Month,Yes,No,3.5110,3.450000,2.420000,18000000000,17996633400,1952911900,24573000000,3070100000,12973621500,0
2022-10-13,912810TJ7,Bond,29-Year 10-Month,Yes,No,3.9300,3.850000,2.390000,18000000000,17990969000,2198950000,24680000000,3355600000,12436419000,0
2022-11-10,912810TL2,Bond,30-Year,No,No,4.0800,4.000000,2.420000,21000000000,20964791200,2030932000,27589000000,4273800000,14660059200,7364202400
2022-12-13,912810TL2,Bond,29-Year 11-Month,Yes,No,3.5130,3.430000,2.250000,18000000000,17977779200,2756104000,24073000000,4153400000,11068275200,0
2023-01-12,912810TL2,Bond,29-Year 10-Month,Yes,No,3.5850,3.535000,2.450000,18000000000,17986672000,1626132000,23893000000,2937600000,13422940000,0
2023-02-09,912810TN8,Bond,30-Year,No,No,3.6860,3.572000,2.250000,21000000000,20982385000,3324655000,28308000000,3974400000,13683330000,8206551200
2023-02-16,912810TP3,Bond,30-Year,No,Yes,1.5500,1.449000,2.380000,9000000000,8975589000,885856000,12560000000,1268000000,6821733000,2044837100
2023-03-09,912810TN8,Bond,29-Year 11-Month,Yes,No,3.8770,3.804000,2.350000,18000000000,17995635000,1700330000,23958000000,3569500000,12725805000,0
2023-04-13,912810TN8,Bond,29-Year 10-Month,Yes,No,3.6610,3.589000,2.360000,18000000000,17979393200,1993095000,24204000000,3559400000,12426898200,1150868700
2023-05-11,912810TR9,Bond,30-Year,No,No,3.7410,3.671000,2.430000,21000000000,20971305000,2141000000,27864000000,3639800000,15190505000,5721291900
2023-06-13,912810TR9,Bond,29-Year 11-Month,Yes,No,3.9080,3.839000,2.520000,18000000000,17994584600,1611487500,24325000000,3263012100,13120085000,0
2023-07-13,912810TR9,Bond,29-Year 10-Month,Yes,No,3.9100,3.830000,2.430000,18000000000,17983945000,1951620000,24179000000,3620700000,12411625000,0
2023-08-10,912810TT5,Bond,30-Year,No,No,4.1890,4.115000,2.420000,23000000000,22955401500,2875537500,29727000000,4509000000,15570864000,8604596200
2023-08-24,912810TP3,Bond,29-Year 6-Month,Yes,Yes,1.9700,1.875000,2.420000,8000000000,7973105000,341025000,10601000000,1559000000,6073080000,831161000
2023-09-13,912810TT5,Bond,29-Year 11-Month,Yes,No,4.3450,4.270000,2.460000,20000000000,19984111000,3152900000,27198000000,3944100000,12887111000,0
2023-10-12,912810TT5,Bond,29-Year 10-Month,Yes,No,4.8370,4.740000,2.350000,20000000000,19968020000,3628070000,26176000000,3335700000,13004250000,0
2023-11-09,912810TV0,Bond,30-Year,No,No,4.7690,4.650000,2.240000,24000000000,23910420000,5912940000,31037000000,3625500000,14371980000,456715300
2023-12-12,912810TV0,Bond,29-Year 11-Month,Yes,No,4.3440,4.280000,2.430000,21000000000,20933494500,2978000000,27871000000,3621800000,14333694500,0
2024-01-11,912810TV0,Bond,29-Year 10-Month,Yes,No,4.2290,4.160000,2.370000,21000000000,20966180200,3044118000,26898000000,3712937200,14209125000,0
2024-02-08,912810TX6,Bond,30-Year,No,No,4.3600,4.314000,2.400000,25000000000,24949794000,3695172500,32417200000,3616300000,17638321500,1848934600
2024-02-22,912810TY4,Bond,30-Year,No,Yes,2.2000,2.107000,2.430000,9000000000,8939474600,802928000,11671000000,1574000000,6562546600,389372100
2024-03-13,912810TX6,Bond,29-Year 11-Month,Yes,No,4.3310,4.283000,2.470000,22000000000,21970196800,3061000000,28687000000,3685400000,15223796800,0
2024-04-11,912810TX6,Bond,29-Year 10-Month,Yes,No,4.6710,4.608000,2.370000,22000000000,21977492400,3810907900,28632400000,4016900000,14149684500,362819900
2024-05-09,912810UA4,Bond,30-Year,No,No,4.6350,4.585000,2.410000,25000000000,24970545000,3834450000,31521400000,4939600000,16196495000,3142249100
2024-06-13,912810UA4,Bond,29-Year 11-Month,Yes,No,4.4030,4.350000,2.490000,22000000000,21967151800,3009118500,28535600000,3910900000,15047133300,711600800
2024-07-11,912810UA4,Bond,29-Year 10-Month,Yes,No,4.4050,4.327000,2.300000,22000000000,21966950000,3487264000,27524000000,5132500000,13347186000,3574429100
2024-08-08,912810UC0,Bond,30-Year,No,No,4.3140,4.225000,2.310000,25000000000,24941455500,4784470000,32199000000,3865900000,16291085500,4754382900
2024-08-22,912810TY4,Bond,29-Year 6-Month,Yes,Yes,2.0550,1.975000,2.610000,8000000000,7965191800,548605000,10355000000,1239000000,6177586800,0
2024-09-12,912810UC0,Bond,29-Year 11-Month,Yes,No,4.0150,3.950000,2.380000,22000000000,21968992200,3440060800,28880600000,3439700000,15089231400,210228400
2024-10-10,912810UC0,Bond,29-Year 10-Month,Yes,No,4.3890,4.320000,2.500000,22000000000,21973803500,2671673500,28021000000,1619100000,17683030000,301944200
2024-11-06,912810UE6,Bond,30-Year,No,No,4.6080,4.565000,2.640000,25000000000,24945620800,2540000000,32216000000,6756644800,15648976000,6075680500
2024-12-12,912810UE6,Bond,29-Year 11-Month,Yes,No,4.5350,4.475000,2.390000,22000000000,21974300000,3158760000,28358000000,4196900000,14618640000,157561100
2025-01-08,912810UE6,Bond,29-Year 10-Month,Yes,No,4.9130,4.870000,2.520000,22000000000,21966493600,2780512000,29376000000,4549750000,14636231600,4834246100
2025-02-13,912810UG1,Bond,30-Year,No,No,4.7480,4.680000,2.330000,25000000000,24956496300,4078779300,32898000000,4636400000,16241317000,6867830200
2025-02-20,912810UH9,Bond,30-Year,No,Yes,2.4030,2.325000,2.480000,9000000000,8941997400,647000000,12121000000,1367000000,6927997400,907113000
2025-03-13,912810UG1,Bond,29-Year 11-Month,Yes,No,4.6230,4.560000,2.370000,22000000000,21959626000,3709140000,29381000000,4974800000,13275686000,372898200
2025-04-10,912810UG1,Bond,29-Year 10-Month,Yes,No,4.8130,4.730000,2.430000,22000000000,21962662700,2700788000,27925000000,5671321700,13590553000,3672020400
2025-05-08,912810UK2,Bond,30-Year,No,No,4.8190,4.749000,2.310000,25000000000,24916150000,3467657500,31614000000,6778900000,14669592500,8824824300
2025-06-12,912810UK2,Bond,29-Year 11-Month,Yes,No,4.8440,4.800000,2.430000,22000000000,21965397000,2507004000,28344000000,5145200000,14313193000,395645000
2025-07-10,912810UK2,Bond,29-Year 10-Month,Yes,No,4.8890,4.838000,2.380000,22000000000,21973765000,2816850000,28969000000,6019900000,13137015000,2603115300
2025-08-07,912810UM8,Bond,30-Year,No,No,4.8130,4.740000,2.270000,25000000000,24960862000,4356975000,32207000000,5747800000,14856087000,8484348400
2025-08-21,912810UH9,Bond,29-Year 6-Month,Yes,Yes,2.6500,2.600000,2.780000,8000000000,7953749400,354775500,10983000000,1996000000,5602973900,0
2025-09-11,912810UM8,Bond,29-Year 11-Month,Yes,No,4.6510,4.585000,2.380000,22000000000,21956149000,2185951000,28338000000,6150500000,13619698000,0
2025-10-09,912810UM8,Bond,29-Year 10-Month,Yes,No,4.7340,4.670000,2.380000,22000000000,21956457500,1901737000,27868000000,5898400000,14156320500,408392700
2025-11-13,912810UP1,Bond,30-Year,No,No,4.6940,4.630000,2.290000,25000000000,24946422000,3619824000,31791000000,3617560000,17709038000,3893790400
2025-12-11,912810UP1,Bond,29-Year 11-Month,Yes,No,4.7730,4.720000,2.360000,22000000000,21946790000,2449552000,28019000000,5148080000,14349158000,0
2026-01-13,912810UP1,Bond,29-Year 10-Month,Yes,No,4.8250,4.780000,2.420000,22000000000,21968003900,2625470000,28164000000,4674100000,14668433900,6403653400
2026-02-12,912810UR7,Bond,30-Year,No,No,4.7500,4.718000,2.660000,25000000000,24961985000,1468440000,31548100000,6035250000,17458295000,7083848300
2026-02-19,912810US5,Bond,30-Year,No,Yes,2.4730,2.430000,2.750000,9000000000,8963875700,223000000,12719000000,1722000000,7018875700,0
2026-03-12,912810UR7,Bond,29-Year 11-Month,Yes,No,4.8710,4.825000,2.450000,22000000000,21969517000,2056000000,27604000000,5981890000,13931627000,5546200
2026-04-09,912810UR7,Bond,29-Year 10-Month,Yes,No,4.8760,4.823000,2.390000,22000000000,21973237800,2554092000,28505600000,5324955200,14094190600,3901358700
2026-05-13,912810UU0,Bond,30-Year,No,No,5.0460,4.990000,2.300000,25000000000,24937681600,2907060000,30894500000,5420900000,16609721600,5936159900
2026-06-11,912810UU0,Bond,29-Year 11-Month,Yes,No,5.0200,4.960000,2.330000,22000000000,21959443000,3237630000,28349000000,5557100000,13164713000,0
2026-07-09,912810UU0,Bond,29-Year 10-Month,Yes,No,5.0580,5.007000,2.440000,22000000000,21951364800,2206260000,28732000000,2679847800,17065257000,2287861600
2026-08-13,912810UW6,Bond,30-Year,No,No,5.2160,5.150000,2.390000,25000000000,24904608000,2866735000,31942000000,5390150000,16647723000,6323518500
2026-08-20,912810US5,Bond,29-Year 6-Month,Yes,Yes,2.9730,2.925000,2.820000,8000000000,7942741400,167000000,11916000000,1068130000,6707611400,1028445800
2026-09-10,912810UW6,Bond,29-Year 11-Month,Yes,No,5.3080,5.250000,2.610000,22000000000,21957470500,484800000,28311800000,4019900000,17452770500,0
