date,SP500,VIX9D,VIX,DGS2
2016-09-29,2151.13,14.71,14.02,0.73
2016-09-30,2168.27,12.37,13.29,0.77
2016-10-03,2161.2,13.0,13.57,0.8
2016-10-04,2150.49,12.95,13.63,0.82
2016-10-05,2159.73,12.03,12.99,0.85
2016-10-06,2160.77,11.47,12.84,0.86
2016-10-07,2153.74,11.47,13.48,0.83
2016-10-10,2163.66,10.81,13.38,
2016-10-11,2136.73,13.34,15.36,0.87
2016-10-12,2139.18,13.16,15.91,0.87
2016-10-13,2132.55,14.07,16.69,0.85
2016-10-14,2132.98,12.94,16.12,0.84
2016-10-17,2126.5,13.81,16.21,0.81
2016-10-18,2139.6,12.45,15.28,0.82
2016-10-19,2144.29,11.97,14.41,0.81
2016-10-20,2141.34,11.07,13.75,0.84
2016-10-21,2141.16,10.68,13.34,0.84
2016-10-24,2151.33,11.35,13.02,0.84
2016-10-25,2143.16,11.9,13.46,0.86
2016-10-26,2139.43,12.58,14.24,0.86
2016-10-27,2133.04,14.59,15.36,0.87
2016-10-28,2126.41,16.69,16.19,0.86
2016-10-31,2126.15,20.19,17.06,0.86
2016-11-01,2111.72,22.86,18.56,0.83
2016-11-02,2097.94,24.16,19.32,0.81
2016-11-03,2088.66,27.9,22.08,0.81
2016-11-04,2085.18,28.82,22.51,0.8
2016-11-07,2131.52,24.67,18.71,0.82
2016-11-08,2139.56,25.31,18.74,0.87
2016-11-09,2163.26,15.36,14.38,0.9
2016-11-10,2167.48,14.12,14.74,0.92
2016-11-11,2164.45,12.84,14.17,
2016-11-14,2164.2,12.51,14.48,1.0
2016-11-15,2180.39,10.64,13.37,1.02
2016-11-16,2176.94,9.52,13.72,1.0
2016-11-17,2187.12,9.38,13.35,1.04
2016-11-18,2181.9,8.63,12.85,1.07
2016-11-21,2198.18,10.0,12.42,1.08
2016-11-22,2202.94,10.2,12.41,1.07
2016-11-23,2204.72,10.06,12.43,1.12
2016-11-24,,,,
2016-11-25,2213.35,10.43,12.34,1.12
2016-11-28,2201.72,12.86,13.15,1.11
2016-11-29,2204.66,12.64,12.9,1.09
2016-11-30,2198.81,13.23,13.33,1.11
2016-12-01,2191.08,13.96,14.07,1.14
2016-12-02,2191.95,13.64,14.12,1.11
2016-12-05,2204.71,11.41,12.14,1.13
2016-12-06,2212.23,10.84,11.79,1.12
2016-12-07,2241.35,11.79,12.22,1.1
2016-12-08,2246.19,12.92,12.64,1.12
2016-12-09,2259.53,11.1,11.75,1.15
2016-12-12,2256.96,12.25,12.64,1.15
2016-12-13,2271.72,12.25,12.72,1.17
2016-12-14,2253.28,12.84,13.19,1.27
2016-12-15,2262.03,11.85,12.79,1.29
2016-12-16,2258.07,10.67,12.2,1.28
2016-12-19,2262.53,9.95,11.71,1.24
2016-12-20,2270.76,9.85,11.45,1.25
2016-12-21,2265.18,9.33,11.27,1.21
2016-12-22,2260.96,9.34,11.43,1.22
2016-12-23,2263.79,8.98,11.44,1.22
2016-12-26,,,,
2016-12-27,2268.88,10.22,11.99,1.28
2016-12-28,2249.92,11.22,12.95,1.26
2016-12-29,2249.26,11.64,13.37,1.22
2016-12-30,2238.83,12.68,14.04,1.2
2017-01-02,,,,
2017-01-03,2257.83,11.99,12.85,1.22
2017-01-04,2270.75,10.68,11.85,1.24
2017-01-05,2269.0,9.95,11.67,1.17
2017-01-06,2276.98,9.19,11.32,1.22
2017-01-09,2268.9,9.44,11.56,1.21
2017-01-10,2268.9,8.88,11.49,1.19
2017-01-11,2275.32,8.88,11.26,1.2
2017-01-12,2270.44,9.32,11.54,1.18
2017-01-13,2274.64,8.99,11.23,1.21
2017-01-16,,,,
2017-01-17,2267.89,10.85,11.87,1.17
2017-01-18,2271.89,11.29,12.48,1.23
2017-01-19,2263.69,11.5,12.78,1.25
2017-01-20,2271.31,9.72,11.54,1.2
2017-01-23,2265.2,10.92,11.77,1.16
2017-01-24,2280.07,10.08,11.07,1.21
2017-01-25,2298.37,10.06,10.81,1.23
2017-01-26,2296.68,9.71,10.63,1.21
2017-01-27,2294.69,9.36,10.58,1.22
2017-01-30,2280.9,11.66,11.88,1.22
2017-01-31,2278.87,11.77,11.99,1.19
2017-02-01,2279.55,12.04,11.81,1.22
2017-02-02,2280.85,11.16,11.93,1.21
2017-02-03,2297.42,9.19,10.97,1.21
2017-02-06,2292.56,10.17,11.37,1.16
2017-02-07,2293.08,9.47,11.29,1.16
2017-02-08,2294.67,9.6,11.45,1.15
2017-02-09,2307.87,8.85,10.88,1.2
2017-02-10,2316.1,9.02,10.85,1.2
2017-02-13,2328.25,9.32,11.07,1.2
2017-02-14,2337.58,8.94,10.74,1.25
2017-02-15,2349.25,10.26,11.97,1.27
2017-02-16,2347.22,10.02,11.76,1.22
2017-02-17,2351.16,9.03,11.49,1.21
2017-02-20,,,,
2017-02-21,2365.38,10.22,11.57,1.22
2017-02-22,2362.82,10.39,11.74,1.22
2017-02-23,2363.81,10.15,11.71,1.18
2017-02-24,2367.34,9.41,11.47,1.12
2017-02-27,2369.75,10.83,12.09,1.2
2017-02-28,2363.64,11.89,12.92,1.22
2017-03-01,2395.96,10.57,12.54,1.29
2017-03-02,2381.92,9.6,11.81,1.32
2017-03-03,2383.12,8.56,10.96,1.32
2017-03-06,2375.31,9.67,11.24,1.31
2017-03-07,2368.39,10.23,11.45,1.32
2017-03-08,2362.98,10.91,11.86,1.36
2017-03-09,2364.87,11.78,12.3,1.37
2017-03-10,2372.6,10.67,11.66,1.36
2017-03-13,2373.47,10.78,11.35,1.4
2017-03-14,2365.45,11.78,12.3,1.4
2017-03-15,2385.26,10.76,11.63,1.33
2017-03-16,2381.38,9.74,11.21,1.35
2017-03-17,2378.25,9.87,11.28,1.33
2017-03-20,2373.47,10.23,11.34,1.3
2017-03-21,2344.02,14.23,12.47,1.27
2017-03-22,2348.45,14.51,12.81,1.27
2017-03-23,2345.96,15.14,13.12,1.26
2017-03-24,2343.98,13.43,12.96,1.26
2017-03-27,2341.59,12.12,12.5,1.27
2017-03-28,2358.57,10.51,11.53,1.3
2017-03-29,2361.13,10.08,11.42,1.26
2017-03-30,2368.06,9.58,11.54,1.28
2017-03-31,2362.72,9.66,12.37,1.27
2017-04-03,2358.84,10.16,12.38,1.24
2017-04-04,2360.16,9.51,11.79,1.25
2017-04-05,2352.95,11.89,12.89,1.24
2017-04-06,2357.49,10.27,12.39,1.24
2017-04-07,2355.54,10.06,12.87,1.29
2017-04-10,2357.16,10.36,14.05,1.29
2017-04-11,2353.78,10.54,15.07,1.24
2017-04-12,2344.93,10.91,15.77,1.24
2017-04-13,2328.95,12.75,15.96,1.21
2017-04-14,,,,
2017-04-17,2349.01,13.44,14.66,1.21
2017-04-18,2342.19,14.2,14.42,1.18
2017-04-19,2338.17,16.2,14.93,1.19
2017-04-20,2355.84,15.83,14.15,1.21
2017-04-21,2348.69,17.09,14.63,1.2
2017-04-24,2374.15,9.96,10.84,1.25
2017-04-25,2388.61,9.8,10.76,1.29
2017-04-26,2387.45,9.79,10.85,1.28
2017-04-27,2388.77,9.24,10.36,1.25
2017-04-28,2384.2,9.42,10.82,1.28
2017-05-01,2388.33,9.49,10.11,1.28
2017-05-02,2391.17,10.49,10.59,1.27
2017-05-03,2388.13,10.78,10.68,1.3
2017-05-04,2389.52,11.04,10.46,1.32
2017-05-05,2399.29,11.44,10.57,1.32
2017-05-08,2399.38,9.09,9.77,1.33
2017-05-09,2396.92,9.31,9.96,1.37
2017-05-10,2399.63,9.43,10.21,1.35
2017-05-11,2394.44,10.35,10.6,1.35
2017-05-12,2390.9,9.4,10.4,1.29
2017-05-15,2402.32,9.16,10.42,1.31
2017-05-16,2400.67,8.96,10.65,1.29
2017-05-17,2357.03,20.17,15.59,1.26
2017-05-18,2365.72,16.67,14.66,1.27
2017-05-19,2381.73,10.98,12.04,1.28
2017-05-22,2394.02,9.39,10.93,1.29
2017-05-23,2398.42,9.32,10.72,1.31
2017-05-24,2404.39,8.56,10.02,1.29
2017-05-25,2415.07,8.12,9.99,1.3
2017-05-26,2415.82,7.6,9.81,1.3
2017-05-29,,,,
2017-05-30,2412.91,9.04,10.38,1.28
2017-05-31,2411.8,8.71,10.41,1.28
2017-06-01,2430.06,8.5,9.89,1.28
2017-06-02,2439.07,8.47,9.75,1.28
2017-06-05,2436.1,9.69,10.07,1.32
2017-06-06,2429.33,10.39,10.45,1.3
2017-06-07,2433.14,10.13,10.39,1.32
2017-06-08,2433.79,9.62,10.16,1.33
2017-06-09,2431.77,10.37,10.7,1.35
2017-06-12,2429.39,11.35,11.46,1.35
2017-06-13,2440.35,9.35,10.42,1.38
2017-06-14,2437.92,9.91,10.64,1.35
2017-06-15,2432.46,10.14,10.9,1.35
2017-06-16,2433.15,8.33,10.38,1.32
2017-06-19,2453.46,8.52,10.37,1.36
2017-06-20,2437.03,9.42,10.86,1.36
2017-06-21,2435.61,9.56,10.75,1.36
2017-06-22,2434.5,9.23,10.48,1.34
2017-06-23,2438.3,8.38,10.02,1.34
2017-06-26,2439.07,8.7,9.9,1.36
2017-06-27,2419.38,10.5,11.06,1.38
2017-06-28,2440.69,8.49,10.03,1.34
2017-06-29,2419.7,11.37,11.44,1.38
2017-06-30,2423.41,9.93,11.18,1.38
2017-07-03,2429.01,10.21,11.22,1.41
2017-07-04,,,,
2017-07-05,2432.54,9.65,11.07,1.41
2017-07-06,2409.75,11.53,12.54,1.4
2017-07-07,2425.18,9.26,11.19,1.4
2017-07-10,2427.43,9.9,11.11,1.4
2017-07-11,2425.53,9.37,10.89,1.37
2017-07-12,2443.25,8.06,10.3,1.35
2017-07-13,2447.83,8.01,9.9,1.37
2017-07-14,2459.27,7.55,9.51,1.35
2017-07-17,2459.14,8.39,9.82,1.36
2017-07-18,2460.61,8.44,9.89,1.36
2017-07-19,2473.83,7.85,9.79,1.37
2017-07-20,2473.45,7.69,9.58,1.37
2017-07-21,2472.54,7.1,9.36,1.36
2017-07-24,2469.91,7.64,9.43,1.37
2017-07-25,2477.13,7.87,9.43,1.4
2017-07-26,2477.83,8.07,9.6,1.36
2017-07-27,2475.42,9.03,10.11,1.36
2017-07-28,2472.1,8.55,10.29,1.34
2017-07-31,2470.3,9.43,10.26,1.34
2017-08-01,2476.35,8.93,10.09,1.34
2017-08-02,2477.57,8.68,10.28,1.36
2017-08-03,2472.16,9.31,10.44,1.34
2017-08-04,2476.83,8.58,10.03,1.36
2017-08-07,2480.91,8.43,9.93,1.36
2017-08-08,2474.92,10.5,10.96,1.36
2017-08-09,2474.02,10.72,11.11,1.33
2017-08-10,2438.21,17.83,16.04,1.33
2017-08-11,2441.32,15.53,15.51,1.3
2017-08-14,2465.84,11.63,12.33,1.33
2017-08-15,2464.61,10.41,12.04,1.35
2017-08-16,2468.11,9.73,11.74,1.33
2017-08-17,2430.01,15.77,15.55,1.32
2017-08-18,2425.55,13.17,14.26,1.33
2017-08-21,2428.37,12.48,13.19,1.32
2017-08-22,2452.51,9.92,11.35,1.33
2017-08-23,2444.04,11.14,12.25,1.32
2017-08-24,2438.97,10.33,12.23,1.33
2017-08-25,2443.05,8.97,11.28,1.35
2017-08-28,2444.24,9.45,11.32,1.33
2017-08-29,2446.3,9.81,11.7,1.33
2017-08-30,2457.59,9.15,11.22,1.33
2017-08-31,2471.65,8.66,10.59,1.33
2017-09-01,2476.55,7.94,10.13,1.35
2017-09-04,,,,
2017-09-05,2457.85,11.34,12.23,1.3
2017-09-06,2465.54,10.22,11.63,1.3
2017-09-07,2465.1,9.75,11.55,1.27
2017-09-08,2461.43,11.29,12.12,1.27
2017-09-11,2488.11,9.01,10.73,1.32
2017-09-12,2496.48,9.25,10.58,1.33
2017-09-13,2498.37,9.38,10.5,1.35
2017-09-14,2495.62,9.29,10.44,1.37
2017-09-15,2500.23,8.3,10.17,1.39
2017-09-18,2503.87,8.72,10.15,1.4
2017-09-19,2506.65,9.09,10.18,1.4
2017-09-20,2508.24,8.95,9.78,1.45
2017-09-21,2500.6,8.44,9.67,1.45
2017-09-22,2502.22,7.98,9.59,1.46
2017-09-25,2496.66,9.21,10.21,1.44
2017-09-26,2496.84,9.34,10.17,1.45
2017-09-27,2507.04,9.03,9.87,1.47
2017-09-28,2510.06,8.39,9.55,1.45
2017-09-29,2519.36,7.95,9.51,1.47
2017-10-02,2529.12,8.18,9.45,1.49
2017-10-03,2534.58,8.04,9.51,1.47
2017-10-04,2537.74,8.02,9.63,1.47
2017-10-05,2552.07,7.81,9.19,1.49
2017-10-06,2549.33,7.88,9.65,1.54
2017-10-09,2544.73,9.34,10.33,
2017-10-10,2550.64,8.72,10.08,1.51
2017-10-11,2555.24,8.32,9.85,1.51
2017-10-12,2550.93,8.34,9.91,1.51
2017-10-13,2553.17,8.03,9.61,1.51
2017-10-16,2557.64,8.46,9.91,1.54
2017-10-17,2559.36,8.69,10.31,1.54
2017-10-18,2561.26,8.37,10.07,1.59
2017-10-19,2562.1,8.88,10.05,1.58
2017-10-20,2575.21,8.41,9.97,1.6
2017-10-23,2564.98,10.77,11.07,1.58
2017-10-24,2569.13,10.48,11.16,1.6
2017-10-25,2557.15,11.09,11.23,1.61
2017-10-26,2560.4,10.69,11.3,1.63
2017-10-27,2581.07,8.61,9.8,1.59
2017-10-30,2572.83,9.81,10.5,1.58
2017-10-31,2575.26,9.32,10.18,1.6
2017-11-01,2579.36,9.29,10.2,1.61
2017-11-02,2579.85,8.54,9.93,1.61
2017-11-03,2587.84,7.84,9.14,1.63
2017-11-06,2591.13,8.09,9.4,1.61
2017-11-07,2590.64,8.83,9.89,1.63
2017-11-08,2594.38,8.28,9.78,1.65
2017-11-09,2584.62,9.65,10.5,1.63
2017-11-10,2582.3,10.31,11.29,1.67
2017-11-13,2584.84,9.84,11.5,1.7
2017-11-14,2578.87,9.73,11.59,1.68
2017-11-15,2564.62,11.73,13.13,1.68
2017-11-16,2585.64,8.74,11.76,1.72
2017-11-17,2578.85,8.49,11.43,1.73
2017-11-20,2582.14,8.6,10.65,1.77
2017-11-21,2599.03,7.97,9.73,1.77
2017-11-22,2597.08,7.87,9.88,1.74
2017-11-23,,,,
2017-11-24,2602.42,7.87,9.67,1.75
2017-11-27,2601.42,9.0,9.87,1.74
2017-11-28,2627.04,9.18,10.03,1.75
2017-11-29,2626.07,10.16,10.7,1.78
2017-11-30,2647.58,11.38,11.28,1.78
2017-12-01,2642.22,11.98,11.43,1.78
2017-12-04,2639.44,12.21,11.68,1.8
2017-12-05,2629.57,11.11,11.33,1.83
2017-12-06,2629.27,10.9,11.02,1.78
2017-12-07,2636.98,9.51,10.16,1.8
2017-12-08,2651.5,8.44,9.58,1.8
2017-12-11,2659.99,8.79,9.34,1.82
2017-12-12,2664.11,9.24,9.92,1.83
2017-12-13,2662.85,9.35,10.18,1.79
2017-12-14,2652.01,9.87,10.49,1.82
2017-12-15,2675.81,8.25,9.42,1.84
2017-12-18,2690.16,8.05,9.53,1.84
2017-12-19,2681.47,9.03,10.03,1.87
2017-12-20,2679.25,8.34,9.72,1.87
2017-12-21,2684.57,7.63,9.62,1.89
2017-12-22,2683.34,7.51,9.9,1.91
2017-12-25,,,,
2017-12-26,2680.5,8.48,10.25,1.92
2017-12-27,2682.62,9.71,10.47,1.89
2017-12-28,2687.54,9.27,10.18,1.91
2017-12-29,2673.61,10.42,11.04,1.89
2018-01-01,,,,
2018-01-02,2695.81,8.54,9.77,1.92
2018-01-03,2713.06,7.85,9.15,1.94
2018-01-04,2723.99,7.73,9.22,1.96
2018-01-05,2743.15,7.7,9.22,1.96
2018-01-08,2747.71,7.9,9.52,1.96
2018-01-09,2751.29,8.35,10.08,1.98
2018-01-10,2748.23,7.85,9.82,1.98
2018-01-11,2767.56,7.84,9.88,1.98
2018-01-12,2786.24,8.68,10.16,1.99
2018-01-15,,,,
2018-01-16,2776.42,11.25,11.66,2.03
2018-01-17,2802.56,11.69,11.91,2.05
2018-01-18,2798.03,12.37,12.22,2.05
2018-01-19,2810.3,10.41,11.27,2.06
2018-01-22,2832.97,10.86,11.03,2.08
2018-01-23,2839.13,11.02,11.1,2.06
2018-01-24,2837.54,11.45,11.47,2.08
2018-01-25,2839.25,11.64,11.58,2.08
2018-01-26,2872.87,10.46,11.08,2.13
2018-01-29,2853.53,14.91,13.84,2.11
2018-01-30,2822.43,16.2,14.79,2.13
2018-01-31,2823.81,13.86,13.54,2.14
2018-02-01,2821.98,13.86,13.47,2.16
2018-02-02,2762.13,18.86,17.31,2.15
2018-02-05,2648.94,59.34,37.32,2.08
2018-02-06,2695.14,39.46,29.98,2.1
2018-02-07,2681.66,32.86,27.73,2.15
2018-02-08,2581.0,41.44,33.46,2.13
2018-02-09,2619.55,31.64,29.06,2.05
2018-02-12,2656.0,26.83,25.61,2.09
2018-02-13,2662.94,25.29,24.97,2.1
2018-02-14,2698.63,18.73,19.26,2.17
2018-02-15,2731.2,18.58,19.13,2.19
2018-02-16,2732.22,18.68,19.46,2.21
2018-02-19,,,,
2018-02-20,2716.26,20.64,20.6,2.25
2018-02-21,2701.33,20.01,20.02,2.26
2018-02-22,2703.96,18.13,18.72,2.25
2018-02-23,2747.3,14.98,16.49,2.25
2018-02-26,2779.6,15.16,15.8,2.22
2018-02-27,2744.28,18.12,18.59,2.27
2018-02-28,2713.83,19.19,19.85,2.25
2018-03-01,2677.67,23.89,22.47,2.22
2018-03-02,2691.25,18.87,19.59,2.25
2018-03-05,2720.94,18.26,18.73,2.24
2018-03-06,2728.12,17.23,18.36,2.25
2018-03-07,2726.8,16.71,17.76,2.25
2018-03-08,2738.97,15.86,16.54,2.25
2018-03-09,2786.57,13.53,14.64,2.27
2018-03-12,2783.02,15.24,15.78,2.27
2018-03-13,2765.31,15.36,16.35,2.26
2018-03-14,2749.48,17.28,17.23,2.26
2018-03-15,2747.33,15.96,16.59,2.29
2018-03-16,2752.01,14.93,15.8,2.31
2018-03-19,2712.92,21.95,19.02,2.31
2018-03-20,2716.94,19.7,18.2,2.34
2018-03-21,2711.93,18.52,17.86,2.31
2018-03-22,2643.69,26.31,23.34,2.29
2018-03-23,2588.26,28.22,24.87,2.28
2018-03-26,2658.55,22.28,21.03,2.33
2018-03-27,2612.62,22.95,22.5,2.26
2018-03-28,2605.0,24.94,22.87,2.28
2018-03-29,2640.87,20.57,19.97,2.27
2018-03-30,,,,
2018-04-02,2581.88,27.31,23.62,2.25
2018-04-03,2614.45,23.48,21.1,2.28
2018-04-04,2644.69,21.95,20.06,2.28
2018-04-05,2662.84,19.93,18.94,2.3
2018-04-06,2604.47,23.06,21.49,2.27
2018-04-09,2613.16,23.83,21.77,2.29
2018-04-10,2656.87,20.92,20.47,2.32
2018-04-11,2642.19,20.37,20.24,2.32
2018-04-12,2663.99,17.82,18.49,2.34
2018-04-13,2656.3,16.36,17.41,2.37
2018-04-16,2677.84,16.57,16.56,2.39
2018-04-17,2706.39,15.35,15.25,2.41
2018-04-18,2708.64,14.64,15.6,2.42
2018-04-19,2693.13,15.5,15.96,2.44
2018-04-20,2670.14,16.23,16.88,2.46
2018-04-23,2670.29,16.44,16.34,2.49
2018-04-24,2634.56,19.17,18.02,2.48
2018-04-25,2639.4,18.71,17.84,2.49
2018-04-26,2666.94,16.01,16.24,2.49
2018-04-27,2669.91,14.44,15.41,2.49
2018-04-30,2648.05,16.45,15.93,2.49
2018-05-01,2654.8,15.7,15.49,2.5
2018-05-02,2635.67,16.53,15.97,2.49
2018-05-03,2629.73,15.75,15.9,2.49
2018-05-04,2663.42,13.86,14.77,2.51
2018-05-07,2672.63,14.22,14.75,2.49
2018-05-08,2671.92,13.98,14.71,2.51
2018-05-09,2697.79,12.13,13.42,2.54
2018-05-10,2723.07,12.43,13.23,2.54
2018-05-11,2727.72,11.24,12.65,2.54
2018-05-14,2730.13,11.92,12.93,2.55
2018-05-15,2711.45,14.29,14.63,2.58
2018-05-16,2722.46,12.36,13.42,2.58
2018-05-17,2720.13,12.02,13.43,2.57
2018-05-18,2712.97,11.48,13.42,2.55
2018-05-21,2733.01,11.37,13.08,2.58
2018-05-22,2724.44,10.92,13.22,2.59
2018-05-23,2733.29,10.06,12.58,2.53
2018-05-24,2727.76,10.33,12.53,2.5
2018-05-25,2721.33,11.46,13.22,2.48
2018-05-28,,,,
2018-05-29,2689.86,17.24,17.02,2.32
2018-05-30,2724.01,13.26,14.94,2.42
2018-05-31,2705.27,14.12,15.43,2.4
2018-06-01,2734.62,11.44,13.46,2.47
2018-06-04,2746.87,12.02,12.74,2.52
2018-06-05,2748.8,11.68,12.4,2.49
2018-06-06,2772.35,11.03,11.64,2.52
2018-06-07,2770.37,11.9,12.13,2.5
2018-06-08,2779.03,11.56,12.18,2.5
2018-06-11,2782.0,12.53,12.35,2.52
2018-06-12,2786.85,12.03,12.34,2.54
2018-06-13,2775.63,12.66,12.94,2.59
2018-06-14,2782.49,11.56,12.12,2.59
2018-06-15,2779.66,10.84,11.98,2.55
2018-06-18,2773.75,11.69,12.31,2.56
2018-06-19,2762.59,12.97,13.35,2.54
2018-06-20,2767.32,12.16,12.79,2.56
2018-06-21,2749.76,14.56,14.64,2.56
2018-06-22,2754.88,12.16,13.77,2.56
2018-06-25,2717.07,17.68,17.33,2.54
2018-06-26,2723.06,15.16,15.92,2.53
2018-06-27,2699.63,17.91,17.91,2.52
2018-06-28,2716.31,15.83,16.85,2.52
2018-06-29,2718.37,14.93,16.09,2.52
2018-07-02,2726.71,14.42,15.6,2.57
2018-07-03,2713.22,15.17,16.14,2.53
2018-07-04,,,,
2018-07-05,2736.61,14.14,14.97,2.55
2018-07-06,2759.82,11.49,13.37,2.53
2018-07-09,2784.17,10.79,12.69,2.57
2018-07-10,2793.84,10.66,12.64,2.59
2018-07-11,2774.02,11.8,13.63,2.58
2018-07-12,2798.29,10.6,12.58,2.6
2018-07-13,2801.31,10.07,12.18,2.59
2018-07-16,2798.43,11.5,12.83,2.59
2018-07-17,2809.55,10.56,12.06,2.62
2018-07-18,2815.62,10.03,12.1,2.6
2018-07-19,2804.49,11.15,12.87,2.6
2018-07-20,2801.83,11.01,12.86,2.6
2018-07-23,2806.98,11.34,12.62,2.64
2018-07-24,2820.4,11.15,12.41,2.63
2018-07-25,2846.07,11.27,12.29,2.66
2018-07-26,2837.44,11.07,12.14,2.69
2018-07-27,2818.82,11.59,13.03,2.67
2018-07-30,2802.6,13.57,14.26,2.66
2018-07-31,2816.29,11.64,12.83,2.67
2018-08-01,2813.36,12.29,13.15,2.67
2018-08-02,2827.22,10.51,12.19,2.66
2018-08-03,2840.35,9.58,11.64,2.63
2018-08-06,2850.4,9.74,11.27,2.64
2018-08-07,2858.45,9.13,10.93,2.68
2018-08-08,2857.7,8.86,10.85,2.68
2018-08-09,2853.58,9.46,11.27,2.64
2018-08-10,2833.28,13.09,13.16,2.61
2018-08-13,2821.93,15.34,14.78,2.61
2018-08-14,2839.96,12.62,13.31,2.63
2018-08-15,2818.37,15.01,14.64,2.61
2018-08-16,2840.69,12.92,13.45,2.63
2018-08-17,2850.13,11.57,12.64,2.61
2018-08-20,2857.05,11.42,12.49,2.6
2018-08-21,2862.96,11.55,12.86,2.61
2018-08-22,2861.82,10.77,12.25,2.6
2018-08-23,2856.98,10.8,12.41,2.61
2018-08-24,2874.69,10.17,11.99,2.63
2018-08-27,2896.74,10.23,12.16,2.67
2018-08-28,2897.52,10.2,12.5,2.67
2018-08-29,2914.04,9.77,12.25,2.67
2018-08-30,2901.13,11.49,13.53,2.64
2018-08-31,2901.52,11.01,12.86,2.62
2018-09-03,,,,
2018-09-04,2896.72,11.97,13.16,2.66
2018-09-05,2888.6,12.65,13.91,2.66
2018-09-06,2878.05,13.46,14.65,2.64
2018-09-07,2871.68,13.49,14.88,2.71
2018-09-10,2877.13,12.57,14.16,2.73
2018-09-11,2887.89,11.0,13.22,2.76
2018-09-12,2888.92,10.67,13.14,2.74
2018-09-13,2904.18,10.03,12.37,2.76
2018-09-14,2904.98,9.93,12.07,2.78
2018-09-17,2888.8,13.5,13.68,2.78
2018-09-18,2904.31,11.74,12.79,2.81
2018-09-19,2907.95,11.45,11.75,2.81
2018-09-20,2930.75,11.04,11.8,2.81
2018-09-21,2929.67,10.63,11.68,2.81
2018-09-24,2919.37,11.63,12.2,2.83
2018-09-25,2915.56,11.76,12.42,2.83
2018-09-26,2905.97,12.7,12.89,2.83
2018-09-27,2914.0,12.09,12.41,2.83
2018-09-28,2913.98,11.17,12.12,2.81
2018-10-01,2924.59,11.19,12.0,2.82
2018-10-02,2923.43,11.13,12.05,2.82
2018-10-03,2925.51,10.81,11.61,2.85
2018-10-04,2901.61,15.42,14.22,2.87
2018-10-05,2885.57,14.86,14.82,2.88
2018-10-08,2884.43,14.92,15.69,
2018-10-09,2880.34,14.4,15.95,2.88
2018-10-10,2785.68,25.98,22.96,2.88
2018-10-11,2728.37,29.58,24.98,2.85
2018-10-12,2767.13,22.84,21.31,2.85
2018-10-15,2750.79,23.91,21.3,2.85
2018-10-16,2809.92,17.85,17.62,2.87
2018-10-17,2809.21,17.75,17.4,2.89
2018-10-18,2768.78,22.31,20.06,2.87
2018-10-19,2767.78,21.13,19.89,2.92
2018-10-22,2755.88,20.67,19.64,2.92
2018-10-23,2740.69,23.43,20.71,2.89
2018-10-24,2656.1,31.91,25.23,2.84
2018-10-25,2705.57,29.62,24.22,2.86
2018-10-26,2658.69,29.89,24.16,2.81
2018-10-29,2641.25,31.03,24.7,2.81
2018-10-30,2682.63,28.87,23.35,2.84
2018-10-31,2711.74,25.16,21.23,2.87
2018-11-01,2740.37,21.54,19.34,2.84
2018-11-02,2723.06,21.17,19.51,2.91
2018-11-05,2738.31,21.63,19.96,2.91
2018-11-06,2755.45,21.62,19.91,2.93
2018-11-07,2813.89,15.54,16.36,2.96
2018-11-08,2806.83,15.56,16.72,2.98
2018-11-09,2781.01,15.63,17.36,2.94
2018-11-12,2726.22,20.69,20.45,
2018-11-13,2722.18,19.38,20.02,2.89
2018-11-14,2701.58,21.39,21.25,2.86
2018-11-15,2730.2,19.5,19.98,2.86
2018-11-16,2736.27,16.35,18.14,2.81
2018-11-19,2690.73,20.43,20.1,2.79
2018-11-20,2641.89,23.63,22.48,2.79
2018-11-21,2649.93,19.86,20.8,2.81
2018-11-22,,,,
2018-11-23,2632.56,21.42,21.52,2.81
2018-11-26,2673.45,20.04,18.9,2.84
2018-11-27,2682.17,21.08,19.02,2.83
2018-11-28,2743.79,21.92,18.49,2.81
2018-11-29,2737.76,22.38,18.79,2.81
2018-11-30,2760.17,22.11,18.07,2.8
2018-12-03,2790.37,17.21,16.44,2.83
2018-12-04,2700.06,25.13,20.74,2.8
2018-12-05,,,,
2018-12-06,2695.95,25.06,21.19,2.75
2018-12-07,2633.08,27.47,23.23,2.72
2018-12-10,2637.72,25.24,22.64,2.72
2018-12-11,2636.78,23.79,21.76,2.78
2018-12-12,2651.07,22.64,21.46,2.77
2018-12-13,2650.54,20.33,20.65,2.75
2018-12-14,2599.95,22.08,21.63,2.73
2018-12-17,2545.94,28.0,24.52,2.7
2018-12-18,2546.16,28.51,25.58,2.65
2018-12-19,2506.96,26.16,25.58,2.63
2018-12-20,2467.42,31.19,28.38,2.67
2018-12-21,2416.62,33.03,30.11,2.63
2018-12-24,2351.1,42.4,36.07,2.55
2018-12-25,,,,
2018-12-26,2467.7,33.92,30.41,2.61
2018-12-27,2488.83,34.38,29.96,2.56
2018-12-28,2485.74,31.64,28.34,2.52
2018-12-31,2506.85,28.57,25.42,2.48
2019-01-01,,,,
2019-01-02,2510.03,22.82,23.22,2.5
2019-01-03,2447.89,26.59,25.45,2.39
2019-01-04,2531.94,20.85,21.38,2.5
2019-01-07,2549.69,21.47,21.4,2.53
2019-01-08,2574.41,20.13,20.47,2.58
2019-01-09,2584.96,18.88,19.98,2.56
2019-01-10,2596.64,17.74,19.5,2.56
2019-01-11,2596.26,15.96,18.19,2.55
2019-01-14,2582.61,17.04,19.07,2.53
2019-01-15,2610.3,16.5,18.6,2.53
2019-01-16,2616.1,16.34,19.04,2.55
2019-01-17,2635.96,15.67,18.06,2.56
2019-01-18,2670.71,15.04,17.8,2.62
2019-01-21,,,,
2019-01-22,2632.9,21.24,20.8,2.58
2019-01-23,2638.7,19.4,19.52,2.58
2019-01-24,2642.33,17.64,18.89,2.56
2019-01-25,2664.76,16.39,17.42,2.6
2019-01-28,2643.85,19.49,18.87,2.6
2019-01-29,2640.0,19.95,19.13,2.56
2019-01-30,2681.05,17.37,17.66,2.52
2019-01-31,2704.1,15.61,16.57,2.45
2019-02-01,2706.53,14.09,16.14,2.52
2019-02-04,2724.87,13.67,15.73,2.53
2019-02-05,2737.7,13.46,15.57,2.53
2019-02-06,2731.61,12.73,15.38,2.52
2019-02-07,2706.05,14.89,16.37,2.48
2019-02-08,2707.88,13.61,15.72,2.45
2019-02-11,2709.8,14.67,15.97,2.48
2019-02-12,2744.73,13.47,15.43,2.5
2019-02-13,2753.03,13.49,15.65,2.53
2019-02-14,2745.73,14.11,16.22,2.5
2019-02-15,2775.6,12.18,14.91,2.52
2019-02-18,,,,
2019-02-19,2779.76,13.38,14.88,2.5
2019-02-20,2784.7,12.6,14.02,2.5
2019-02-21,2774.88,13.18,14.46,2.53
2019-02-22,2792.67,11.49,13.51,2.48
2019-02-25,2796.11,14.06,14.85,2.51
2019-02-26,2793.9,14.2,15.17,2.48
2019-02-27,2792.38,13.14,14.7,2.5
2019-02-28,2784.49,13.18,14.78,2.52
2019-03-01,2803.69,11.33,13.57,2.55
2019-03-04,2792.81,13.4,14.63,2.55
2019-03-05,2789.65,13.36,14.74,2.55
2019-03-06,2771.45,14.99,15.74,2.52
2019-03-07,2748.93,16.15,16.59,2.47
2019-03-08,2743.07,14.63,16.05,2.45
2019-03-11,2783.3,13.4,14.33,2.47
2019-03-12,2791.52,12.73,13.77,2.45
2019-03-13,2810.92,12.53,13.41,2.45
2019-03-14,2808.48,12.52,13.5,2.46
2019-03-15,2822.48,11.22,12.88,2.43
2019-03-18,2832.94,12.53,13.1,2.45
2019-03-19,2832.57,13.53,13.56,2.46
2019-03-20,2824.23,13.49,13.91,2.4
2019-03-21,2854.88,13.11,13.63,2.41
2019-03-22,2800.71,16.85,16.48,2.31
2019-03-25,2798.36,16.41,16.33,2.26
2019-03-26,2818.46,13.95,14.68,2.24
2019-03-27,2805.37,14.7,15.15,2.22
2019-03-28,2815.44,13.7,14.43,2.23
2019-03-29,2834.4,12.34,13.71,2.27
2019-04-01,2867.19,12.11,13.4,2.33
2019-04-02,2867.24,11.86,13.36,2.3
2019-04-03,2873.4,12.29,13.74,2.33
2019-04-04,2879.39,11.58,13.58,2.33
2019-04-05,2892.74,10.12,12.82,2.35
2019-04-08,2895.77,10.74,13.18,2.36
2019-04-09,2878.2,11.78,14.28,2.35
2019-04-10,2888.21,10.14,13.3,2.31
2019-04-11,2888.32,10.52,13.02,2.35
2019-04-12,2907.41,9.74,12.01,2.4
2019-04-15,2905.58,10.61,12.32,2.4
2019-04-16,2907.06,10.76,12.18,2.41
2019-04-17,2900.45,11.0,12.6,2.4
2019-04-18,2905.03,9.93,12.09,2.38
2019-04-19,,,,
2019-04-22,2907.97,11.63,12.42,2.38
2019-04-23,2933.68,11.64,12.28,2.36
2019-04-24,2927.25,12.54,13.14,2.32
2019-04-25,2926.17,12.36,13.25,2.33
2019-04-26,2939.88,11.81,12.73,2.28
2019-04-29,2943.03,12.52,13.11,2.3
2019-04-30,2945.83,12.44,13.12,2.27
2019-05-01,2923.73,14.95,14.8,2.31
2019-05-02,2917.52,13.92,14.42,2.35
2019-05-03,2945.64,10.96,12.87,2.33
2019-05-06,2932.47,15.45,15.44,2.31
2019-05-07,2884.05,20.74,19.32,2.28
2019-05-08,2879.42,21.33,19.4,2.3
2019-05-09,2870.72,21.86,19.1,2.26
2019-05-10,2881.4,16.57,16.04,2.26
2019-05-13,2811.87,22.76,20.55,2.18
2019-05-14,2834.41,18.76,18.06,2.2
2019-05-15,2850.96,16.31,16.44,2.16
2019-05-16,2876.32,15.06,15.29,2.2
2019-05-17,2859.53,16.26,15.96,2.2
2019-05-20,2840.23,16.82,16.31,2.21
2019-05-21,2864.36,14.5,14.95,2.26
2019-05-22,2856.27,13.92,14.75,2.23
2019-05-23,2822.24,17.4,16.92,2.12
2019-05-24,2826.06,15.36,15.85,2.16
2019-05-27,,,,
2019-05-28,2802.39,17.98,17.5,2.12
2019-05-29,2783.02,18.34,17.9,2.09
2019-05-30,2788.86,17.12,17.3,2.06
2019-05-31,2752.06,19.0,18.71,1.95
2019-06-03,2744.45,19.26,18.86,1.82
2019-06-04,2803.27,16.65,16.97,1.88
2019-06-05,2826.15,14.9,16.09,1.83
2019-06-06,2843.49,14.88,15.93,1.88
2019-06-07,2873.34,15.02,16.3,1.85
2019-06-10,2886.73,15.25,15.94,1.9
2019-06-11,2885.72,15.15,15.99,1.93
2019-06-12,2879.84,14.66,15.91,1.88
2019-06-13,2891.64,14.59,15.82,1.83
2019-06-14,2886.98,13.56,15.28,1.84
2019-06-17,2889.67,14.99,15.35,1.86
2019-06-18,2917.75,15.29,15.15,1.86
2019-06-19,2926.46,13.87,14.33,1.74
2019-06-20,2954.18,14.77,14.75,1.72
2019-06-21,2950.46,14.83,15.4,1.77
2019-06-24,2945.35,15.8,15.26,1.72
2019-06-25,2917.38,17.01,16.28,1.71
2019-06-26,2913.78,16.8,16.21,1.77
2019-06-27,2924.92,16.34,15.82,1.74
2019-06-28,2941.76,15.67,15.08,1.75
2019-07-01,2964.33,12.51,14.06,1.78
2019-07-02,2973.01,10.42,12.93,1.77
2019-07-03,2995.82,9.91,12.57,1.77
2019-07-04,,,,
2019-07-05,2990.41,10.57,13.28,1.87
2019-07-08,2975.95,11.12,13.96,1.88
2019-07-09,2979.63,11.08,14.09,1.92
2019-07-10,2993.07,9.94,13.03,1.82
2019-07-11,2999.91,10.08,12.93,1.85
2019-07-12,3013.77,9.88,12.39,1.84
2019-07-15,3014.3,11.01,12.68,1.83
2019-07-16,3004.04,11.71,12.86,1.87
2019-07-17,2984.42,13.42,13.97,1.83
2019-07-18,2995.11,12.68,13.53,1.77
2019-07-19,2976.61,13.56,14.45,1.8
2019-07-22,2985.03,13.64,13.53,1.8
2019-07-23,3005.47,12.82,12.61,1.83
2019-07-24,3019.56,12.19,12.07,1.83
2019-07-25,3003.67,12.53,12.74,1.86
2019-07-26,3025.86,11.54,12.16,1.86
2019-07-29,3020.97,12.67,12.83,1.85
2019-07-30,3013.18,14.46,13.94,1.85
2019-07-31,2980.38,18.41,16.12,1.89
2019-08-01,2953.56,19.32,17.87,1.73
2019-08-02,2932.05,17.69,17.61,1.72
2019-08-05,2844.74,29.14,24.59,1.59
2019-08-06,2881.77,21.84,20.17,1.6
2019-08-07,2883.98,20.95,19.49,1.59
2019-08-08,2938.09,16.77,16.91,1.62
2019-08-09,2918.65,17.75,17.97,1.63
2019-08-12,2883.75,22.45,21.09,1.58
2019-08-13,2926.32,17.49,17.52,1.66
2019-08-14,2840.6,24.42,22.1,1.58
2019-08-15,2847.6,22.45,21.18,1.48
2019-08-16,2888.68,18.36,18.47,1.48
2019-08-19,2923.65,17.2,16.88,1.53
2019-08-20,2900.51,18.43,17.5,1.5
2019-08-21,2924.43,16.09,15.8,1.56
2019-08-22,2922.95,16.71,16.68,1.61
2019-08-23,2847.11,21.55,19.87,1.51
2019-08-26,2878.38,19.82,19.32,1.54
2019-08-27,2869.16,20.81,20.31,1.53
2019-08-28,2887.94,19.16,19.35,1.5
2019-08-29,2924.58,16.85,17.88,1.53
2019-08-30,2926.46,18.6,18.98,1.5
2019-09-02,,,,
2019-09-03,2906.27,19.07,19.66,1.47
2019-09-04,2937.78,15.6,17.33,1.43
2019-09-05,2976.0,14.59,16.27,1.55
2019-09-06,2978.71,12.39,15.0,1.53
2019-09-09,2978.43,13.66,15.27,1.58
2019-09-10,2979.39,13.76,15.2,1.67
2019-09-11,3000.93,13.13,14.61,1.68
2019-09-12,3009.57,13.1,14.22,1.72
2019-09-13,3007.39,12.62,13.74,1.79
2019-09-16,2997.96,14.6,14.67,1.74
2019-09-17,3005.7,14.54,14.44,1.72
2019-09-18,3006.73,14.13,13.95,1.77
2019-09-19,3006.79,13.18,14.05,1.74
2019-09-20,2992.07,14.68,15.32,1.69
2019-09-23,2991.78,9.83,14.91,1.68
2019-09-24,2966.6,17.73,17.05,1.6
2019-09-25,2984.87,15.3,15.96,1.68
2019-09-26,2977.62,15.2,16.07,1.66
2019-09-27,2961.79,16.77,17.22,1.63
2019-09-30,2976.74,15.28,16.24,1.63
2019-10-01,2940.25,18.94,18.56,1.56
2019-10-02,2887.61,21.71,20.56,1.48
2019-10-03,2910.63,19.48,19.12,1.39
2019-10-04,2952.01,16.27,17.04,1.4
2019-10-07,2938.79,17.7,17.86,1.46
2019-10-08,2893.06,20.29,20.28,1.42
2019-10-09,2919.4,18.26,18.64,1.47
2019-10-10,2938.13,17.78,17.57,1.53
2019-10-11,2970.27,15.28,15.58,1.63
2019-10-14,2966.15,14.01,14.57,
2019-10-15,2995.68,12.3,13.54,1.61
2019-10-16,2989.69,11.92,13.68,1.58
2019-10-17,2997.95,11.9,13.79,1.6
2019-10-18,2986.2,12.35,14.25,1.58
2019-10-21,3006.72,12.61,14.0,1.62
2019-10-22,2995.99,13.3,14.46,1.6
2019-10-23,3004.52,12.27,14.01,1.58
2019-10-24,3010.29,11.89,13.71,1.58
2019-10-25,3022.55,10.33,12.65,1.63
2019-10-28,3039.42,11.7,13.11,1.64
2019-10-29,3036.89,11.75,13.2,1.64
2019-10-30,3046.77,10.67,12.33,1.61
2019-10-31,3037.56,11.58,13.22,1.52
2019-11-01,3066.91,9.84,12.3,1.56
2019-11-04,3078.27,11.08,12.83,1.6
2019-11-05,3074.62,10.99,13.1,1.63
2019-11-06,3076.78,9.47,12.62,1.61
2019-11-07,3085.18,10.16,12.73,1.68
2019-11-08,3093.08,9.32,12.07,1.68
2019-11-11,3087.01,10.69,12.69,
2019-11-12,3091.84,10.8,12.68,1.66
2019-11-13,3094.04,10.97,13.0,1.63
2019-11-14,3096.63,11.23,13.05,1.58
2019-11-15,3120.46,9.67,12.05,1.61
2019-11-18,3122.03,10.18,12.46,1.6
2019-11-19,3120.18,10.25,12.86,1.6
2019-11-20,3108.46,10.2,12.78,1.56
2019-11-21,3103.54,10.56,13.13,1.6
2019-11-22,3110.29,9.22,12.34,1.61
2019-11-25,3133.64,9.76,11.87,1.61
2019-11-26,3140.52,9.5,11.54,1.58
2019-11-27,3153.63,9.9,11.75,1.63
2019-11-28,,,,
2019-11-29,3140.98,11.36,12.62,1.61
2019-12-02,3113.87,15.3,14.91,1.61
2019-12-03,3093.2,16.86,15.96,1.53
2019-12-04,3112.76,14.92,14.8,1.58
2019-12-05,3117.43,13.94,14.52,1.58
2019-12-06,3145.91,12.81,13.62,1.61
2019-12-09,3135.96,17.06,15.86,1.63
2019-12-10,3132.52,16.24,15.68,1.65
2019-12-11,3141.63,15.27,14.99,1.61
2019-12-12,3168.57,14.67,13.94,1.66
2019-12-13,3168.8,12.41,12.63,1.61
2019-12-16,3191.45,11.63,12.14,1.65
2019-12-17,3192.52,11.16,12.29,1.63
2019-12-18,3191.14,10.3,12.58,1.63
2019-12-19,3205.37,9.39,12.5,1.62
2019-12-20,3221.22,9.27,12.51,1.63
2019-12-23,3224.01,9.83,12.61,1.64
2019-12-24,3223.38,9.56,12.67,1.62
2019-12-25,,,,
2019-12-26,3239.91,9.94,12.65,1.64
2019-12-27,3240.02,11.0,13.43,1.59
2019-12-30,3221.29,13.77,14.82,1.58
2019-12-31,3230.78,13.26,13.78,1.58
2020-01-01,,,,
2020-01-02,3257.85,10.6,12.47,1.58
2020-01-03,3234.85,12.78,14.02,1.53
2020-01-06,3246.28,12.42,13.85,1.54
2020-01-07,3237.18,12.34,13.79,1.54
2020-01-08,3253.05,12.22,13.45,1.58
2020-01-09,3274.7,10.86,12.54,1.58
2020-01-10,3265.35,10.57,12.56,1.56
2020-01-13,3288.13,10.05,12.32,1.58
2020-01-14,3283.15,10.18,12.39,1.58
2020-01-15,3289.29,9.69,12.42,1.56
2020-01-16,3316.81,9.71,12.32,1.58
2020-01-17,3329.62,9.04,12.1,1.58
2020-01-20,,,,
2020-01-21,3320.79,11.38,12.85,1.53
2020-01-22,3321.75,11.03,12.91,1.53
2020-01-23,3325.54,11.4,12.98,1.51
2020-01-24,3295.47,14.65,14.56,1.49
2020-01-27,3243.63,21.3,18.23,1.44
2020-01-28,3276.24,18.34,16.28,1.45
2020-01-29,3273.4,18.12,16.39,1.42
2020-01-30,3283.66,16.41,15.49,1.41
2020-01-31,3225.52,21.66,18.84,1.33
2020-02-03,3248.92,19.23,17.97,1.36
2020-02-04,3297.59,15.81,16.05,1.41
2020-02-05,3334.69,13.69,15.15,1.44
2020-02-06,3345.78,12.98,14.96,1.44
2020-02-07,3327.71,13.73,15.47,1.41
2020-02-10,3352.09,12.89,15.04,1.37
2020-02-11,3357.75,13.04,15.18,1.41
2020-02-12,3379.45,10.84,13.74,1.44
2020-02-13,3373.94,11.83,14.15,1.44
2020-02-14,3380.16,10.98,13.68,1.42
2020-02-17,,,,
2020-02-18,3370.29,13.02,14.83,1.41
2020-02-19,3386.15,11.88,14.38,1.42
2020-02-20,3373.23,13.86,15.56,1.39
2020-02-21,3337.75,15.77,17.08,1.34
2020-02-24,3225.89,31.9,25.03,1.26
2020-02-25,3128.21,36.35,27.85,1.2
2020-02-26,3116.39,34.84,27.56,1.16
2020-02-27,2978.76,54.74,39.16,1.11
2020-02-28,2954.22,52.9,40.11,0.86
2020-03-02,3090.23,42.17,33.42,0.84
2020-03-03,3003.37,47.34,36.82,0.71
2020-03-04,3130.12,37.06,31.99,0.67
2020-03-05,3023.94,48.63,39.62,0.59
2020-03-06,2972.37,48.55,41.94,0.49
2020-03-09,2746.56,70.3,54.46,0.38
2020-03-10,2882.23,57.39,47.3,0.5
2020-03-11,2741.38,68.21,53.9,0.5
2020-03-12,2480.64,103.56,75.47,0.5
2020-03-13,2711.02,69.87,57.83,0.49
2020-03-16,2386.13,106.66,82.69,0.36
2020-03-17,2529.19,92.93,75.91,0.47
2020-03-18,2398.1,97.22,76.45,0.54
2020-03-19,2409.39,91.02,72.0,0.44
2020-03-20,2304.92,83.47,66.04,0.37
2020-03-23,2237.4,78.76,61.59,0.28
2020-03-24,2447.33,78.04,61.67,0.38
2020-03-25,2475.56,81.3,63.95,0.34
2020-03-26,2630.07,73.61,61.0,0.3
2020-03-27,2541.47,72.33,65.54,0.25
2020-03-30,2626.65,62.8,57.08,0.23
2020-03-31,2584.59,60.16,53.54,0.23
2020-04-01,2470.5,61.33,57.06,0.23
2020-04-02,2526.9,52.81,50.91,0.23
2020-04-03,2488.65,46.66,46.8,0.23
2020-04-06,2663.68,47.02,45.24,0.27
2020-04-07,2659.41,48.34,46.7,0.28
2020-04-08,2749.98,42.46,43.35,0.27
2020-04-09,2789.82,40.42,41.67,0.23
2020-04-10,,,,
2020-04-13,2761.63,41.74,41.17,0.25
2020-04-14,2846.06,38.81,37.76,0.23
2020-04-15,2783.36,41.64,40.84,0.2
2020-04-16,2799.55,40.49,40.11,0.2
2020-04-17,2874.56,36.18,38.15,0.2
2020-04-20,2823.16,44.0,43.83,0.2
2020-04-21,2736.56,45.46,45.41,0.2
2020-04-22,2799.31,40.21,41.98,0.22
2020-04-23,2797.8,39.35,41.38,0.22
2020-04-24,2836.74,31.72,35.93,0.22
2020-04-27,2878.48,31.41,33.29,0.24
2020-04-28,2863.39,32.44,33.57,0.2
2020-04-29,2939.51,29.66,31.23,0.2
2020-04-30,2912.43,32.88,34.15,0.2
2020-05-01,2830.71,35.57,37.19,0.2
2020-05-04,2842.74,35.45,35.97,0.19
2020-05-05,2868.44,33.19,33.61,0.19
2020-05-06,2848.42,33.98,34.12,0.17
2020-05-07,2881.19,29.75,31.44,0.13
2020-05-08,2929.8,24.89,27.98,0.16
2020-05-11,2930.32,26.17,27.57,0.17
2020-05-12,2870.12,33.36,33.04,0.17
2020-05-13,2820.0,34.63,35.28,0.16
2020-05-14,2852.5,31.66,32.61,0.16
2020-05-15,2863.7,29.71,31.89,0.16
2020-05-18,2953.91,27.62,29.3,0.18
2020-05-19,2922.94,28.03,30.53,0.17
2020-05-20,2971.61,24.93,27.99,0.16
2020-05-21,2948.51,26.15,29.53,0.17
2020-05-22,2955.45,23.47,28.16,0.17
2020-05-25,,,,
2020-05-26,2991.77,25.5,28.01,0.18
2020-05-27,3036.13,25.17,27.62,0.19
2020-05-28,3029.73,26.02,28.59,0.17
2020-05-29,3044.31,24.59,27.51,0.16
2020-06-01,3055.73,27.08,28.23,0.14
2020-06-02,3080.82,25.06,26.84,0.17
2020-06-03,3122.87,23.97,25.66,0.19
2020-06-04,3112.35,23.56,25.81,0.19
2020-06-05,3193.93,22.63,24.52,0.22
2020-06-08,3232.39,25.18,25.81,0.22
2020-06-09,3207.18,26.92,27.57,0.2
2020-06-10,3190.14,27.1,27.57,0.17
2020-06-11,3002.1,42.06,40.79,0.19
2020-06-12,3041.31,36.52,36.09,0.19
2020-06-15,3066.59,35.98,34.4,0.19
2020-06-16,3124.74,35.38,33.67,0.21
2020-06-17,3113.49,33.98,33.47,0.19
2020-06-18,3115.34,32.05,32.94,0.19
2020-06-19,3097.74,33.92,35.12,0.19
2020-06-22,3117.86,31.23,31.77,0.19
2020-06-23,3131.29,30.29,31.37,0.18
2020-06-24,3050.33,33.25,33.84,0.19
2020-06-25,3083.76,30.92,32.22,0.17
2020-06-26,3009.05,33.31,34.73,0.17
2020-06-29,3053.24,30.42,31.78,0.16
2020-06-30,3100.29,29.14,30.43,0.16
2020-07-01,3115.86,25.2,28.62,0.17
2020-07-02,3130.01,22.64,27.68,0.16
2020-07-03,,,,
2020-07-06,3179.72,25.23,27.94,0.16
2020-07-07,3145.32,26.84,29.43,0.16
2020-07-08,3169.94,23.67,28.08,0.16
2020-07-09,3152.05,25.55,29.26,0.16
2020-07-10,3185.04,22.59,27.29,0.16
2020-07-13,3155.22,30.31,32.19,0.16
2020-07-14,3197.52,27.78,29.52,0.14
2020-07-15,3226.56,25.22,27.76,0.16
2020-07-16,3215.57,25.85,28.0,0.16
2020-07-17,3224.73,22.16,25.68,0.14
2020-07-20,3251.84,22.52,24.46,0.16
2020-07-21,3257.3,23.33,24.84,0.14
2020-07-22,3276.02,21.65,24.32,0.14
2020-07-23,3235.66,24.1,26.08,0.16
2020-07-24,3215.63,22.7,25.84,0.14
2020-07-27,3239.41,22.38,24.74,0.15
2020-07-28,3218.44,23.54,25.44,0.14
2020-07-29,3258.44,21.93,24.1,0.12
2020-07-30,3246.22,22.79,24.76,0.11
2020-07-31,3271.12,20.61,24.46,0.11
2020-08-03,3294.61,20.95,24.28,0.11
2020-08-04,3306.51,20.44,23.76,0.11
2020-08-05,3327.77,19.02,22.99,0.11
2020-08-06,3349.16,19.4,22.65,0.11
2020-08-07,3351.28,18.08,22.21,0.13
2020-08-10,3360.47,18.88,22.13,0.14
2020-08-11,3333.69,21.89,24.03,0.16
2020-08-12,3380.35,18.9,22.28,0.16
2020-08-13,3373.43,18.54,22.13,0.16
2020-08-14,3372.85,17.87,22.05,0.14
2020-08-17,3381.99,17.6,21.35,0.14
2020-08-18,3389.78,17.82,21.51,0.14
2020-08-19,3374.85,19.23,22.54,0.14
2020-08-20,3385.51,18.85,22.72,0.13
2020-08-21,3397.16,18.01,22.54,0.16
2020-08-24,3431.28,18.81,22.37,0.14
2020-08-25,3443.62,18.09,22.03,0.15
2020-08-26,3478.73,19.96,23.27,0.16
2020-08-27,3484.55,20.19,24.47,0.16
2020-08-28,3508.01,17.13,22.96,0.14
2020-08-31,3500.31,21.1,26.41,0.14
2020-09-01,3526.65,19.65,26.12,0.13
2020-09-02,3580.84,20.71,26.57,0.14
2020-09-03,3455.06,30.45,33.6,0.13
2020-09-04,3426.96,29.41,30.75,0.14
2020-09-07,,,,
2020-09-08,3331.84,32.91,31.46,0.14
2020-09-09,3398.96,29.09,28.81,0.14
2020-09-10,3339.19,30.43,29.71,0.14
2020-09-11,3340.97,26.33,26.87,0.13
2020-09-14,3383.54,25.06,25.85,0.14
2020-09-15,3401.2,24.22,25.59,0.14
2020-09-16,3385.49,23.77,26.04,0.14
2020-09-17,3357.01,24.95,26.46,0.13
2020-09-18,3319.47,24.02,25.83,0.14
2020-09-21,3281.06,28.11,27.78,0.14
2020-09-22,3315.57,25.95,26.86,0.13
2020-09-23,3236.92,27.97,28.58,0.14
2020-09-24,3246.59,27.65,28.51,0.14
2020-09-25,3298.46,24.57,26.38,0.12
2020-09-28,3351.6,25.21,26.19,0.14
2020-09-29,3335.47,25.99,26.27,0.11
2020-09-30,3363.0,25.77,26.37,0.13
2020-10-01,3380.8,24.8,26.7,0.14
2020-10-02,3348.44,24.64,27.63,0.13
2020-10-05,3408.63,23.51,27.96,0.14
2020-10-06,3360.95,25.08,29.48,0.14
2020-10-07,3419.45,21.74,28.06,0.16
2020-10-08,3446.83,19.94,26.36,0.13
2020-10-09,3477.13,18.85,25.0,0.16
2020-10-12,3534.22,20.3,25.07,
2020-10-13,3511.93,21.39,26.07,0.16
2020-10-14,3488.67,21.3,26.4,0.14
2020-10-15,3483.34,21.38,26.97,0.14
2020-10-16,3483.81,21.64,27.41,0.14
2020-10-19,3426.92,24.65,29.18,0.16
2020-10-20,3443.12,24.57,29.35,0.14
2020-10-21,3435.56,23.2,28.65,0.14
2020-10-22,3453.49,24.06,28.11,0.16
2020-10-23,3465.39,24.29,27.55,0.18
2020-10-26,3400.97,35.91,32.46,0.16
2020-10-27,3390.68,37.29,33.35,0.16
2020-10-28,3271.03,47.9,40.28,0.16
2020-10-29,3310.11,44.34,37.59,0.16
2020-10-30,3269.96,44.33,38.02,0.14
2020-11-02,3310.24,43.86,37.13,0.16
2020-11-03,3369.16,43.2,35.55,0.17
2020-11-04,3443.44,32.46,29.57,0.14
2020-11-05,3510.45,28.09,27.58,0.14
2020-11-06,3509.44,23.96,24.86,0.16
2020-11-09,3550.5,26.71,25.75,0.17
2020-11-10,3545.53,24.43,24.8,0.19
2020-11-11,3572.66,21.59,23.45,
2020-11-12,3537.01,23.88,25.35,0.17
2020-11-13,3585.15,21.01,23.1,0.17
2020-11-16,3626.91,19.33,22.45,0.19
2020-11-17,3609.53,18.81,22.71,0.18
2020-11-18,3567.79,19.59,23.84,0.16
2020-11-19,3581.87,19.26,23.11,0.18
2020-11-20,3557.54,19.86,23.7,0.16
2020-11-23,3577.59,19.58,22.66,0.16
2020-11-24,3635.41,18.4,21.64,0.16
2020-11-25,3629.65,17.14,21.25,0.17
2020-11-26,,,,
2020-11-27,3638.35,18.25,20.84,0.16
2020-11-30,3621.63,19.87,20.57,0.16
2020-12-01,3662.45,19.87,20.77,0.17
2020-12-02,3669.01,19.29,21.17,0.16
2020-12-03,3666.72,19.35,21.28,0.16
2020-12-04,3699.12,17.96,20.79,0.16
2020-12-07,3691.96,18.74,21.3,0.14
2020-12-08,3702.25,18.17,20.68,0.14
2020-12-09,3672.82,19.99,22.27,0.16
2020-12-10,3668.1,19.67,22.52,0.14
2020-12-11,3663.46,20.45,23.31,0.11
2020-12-14,3647.49,23.67,24.72,0.13
2020-12-15,3694.62,20.19,22.89,0.11
2020-12-16,3701.17,18.8,22.5,0.13
2020-12-17,3722.48,18.62,21.93,0.13
2020-12-18,3709.41,16.7,21.57,0.13
2020-12-21,3694.92,21.56,25.16,0.13
2020-12-22,3687.26,19.91,24.23,0.13
2020-12-23,3690.01,19.2,23.31,0.13
2020-12-24,3703.06,17.12,21.53,0.13
2020-12-25,,,,
2020-12-28,3735.36,20.05,21.7,0.13
2020-12-29,3727.04,21.47,23.08,0.12
2020-12-30,3732.04,21.31,22.77,0.12
2020-12-31,3756.07,21.2,22.75,0.13
2021-01-01,,,,
2021-01-04,3700.65,27.39,26.97,0.11
2021-01-05,3726.86,24.29,25.34,0.13
2021-01-06,3748.14,23.77,25.07,0.14
2021-01-07,3803.79,19.42,22.37,0.14
2021-01-08,3824.68,18.34,21.56,0.14
2021-01-11,3799.61,21.69,24.08,0.14
2021-01-12,3801.19,20.65,23.33,0.14
2021-01-13,3809.84,18.91,22.21,0.14
2021-01-14,3795.54,21.17,23.25,0.16
2021-01-15,3768.25,21.69,24.34,0.13
2021-01-18,,,,
2021-01-19,3798.91,21.88,23.24,0.14
2021-01-20,3851.85,18.85,21.58,0.13
2021-01-21,3853.07,18.23,21.32,0.13
2021-01-22,3841.47,18.42,21.91,0.13
2021-01-25,3855.36,20.66,23.19,0.13
2021-01-26,3849.62,20.46,23.02,0.11
2021-01-27,3750.77,41.64,37.21,0.12
2021-01-28,3787.38,30.0,30.21,0.12
2021-01-29,3714.24,32.63,33.09,0.11
2021-02-01,3773.86,28.99,30.24,0.11
2021-02-02,3826.31,22.44,25.56,0.11
2021-02-03,3830.17,18.97,22.91,0.11
2021-02-04,3871.74,17.48,21.77,0.11
2021-02-05,3886.83,15.52,20.87,0.09
2021-02-08,3915.59,16.57,21.24,0.11
2021-02-09,3911.23,17.09,21.63,0.11
2021-02-10,3909.88,17.68,21.99,0.11
2021-02-11,3916.38,17.09,21.25,0.11
2021-02-12,3934.83,15.05,19.97,0.11
2021-02-15,,,,
2021-02-16,3932.59,19.32,21.46,0.13
2021-02-17,3931.33,18.41,21.5,0.11
2021-02-18,3913.97,19.46,22.49,0.11
2021-02-19,3906.71,18.33,22.05,0.11
2021-02-22,3876.5,21.22,23.45,0.11
2021-02-23,3881.37,21.3,23.11,0.11
2021-02-24,3925.43,18.35,21.34,0.12
2021-02-25,3829.34,31.81,28.89,0.17
2021-02-26,3811.15,29.42,27.95,0.14
2021-03-01,3901.82,22.7,23.35,0.13
2021-03-02,3870.29,23.17,24.1,0.13
2021-03-03,3819.72,26.88,26.67,0.14
2021-03-04,3768.47,29.3,28.57,0.14
2021-03-05,3841.94,23.83,24.66,0.14
2021-03-08,3821.35,25.7,25.47,0.17
2021-03-09,3875.44,24.11,24.03,0.17
2021-03-10,3898.81,20.98,22.56,0.16
2021-03-11,3939.34,20.01,21.91,0.14
2021-03-12,3943.34,17.41,20.69,0.14
2021-03-15,3968.94,17.74,20.03,0.14
2021-03-16,3962.71,17.93,19.79,0.15
2021-03-17,3974.12,16.69,19.23,0.13
2021-03-18,3915.46,20.33,21.58,0.16
2021-03-19,3913.1,18.28,20.95,0.16
2021-03-22,3940.59,16.4,18.88,0.15
2021-03-23,3910.52,18.37,20.3,0.15
2021-03-24,3889.14,19.07,21.2,0.14
2021-03-25,3909.52,17.16,19.81,0.14
2021-03-26,3974.54,16.32,18.86,0.14
2021-03-29,3971.09,18.85,20.74,0.14
2021-03-30,3958.55,17.28,19.61,0.16
2021-03-31,3972.89,15.62,19.4,0.16
2021-04-01,4019.87,12.97,17.33,0.17
2021-04-02,,,,0.19
2021-04-05,4077.91,15.65,17.91,0.17
2021-04-06,4073.94,15.71,18.12,0.16
2021-04-07,4079.95,14.13,17.16,0.16
2021-04-08,4097.17,13.94,16.95,0.14
2021-04-09,4128.8,13.19,16.69,0.16
2021-04-12,4127.99,14.24,16.91,0.18
2021-04-13,4141.59,13.78,16.65,0.16
2021-04-14,4124.66,14.1,16.99,0.16
2021-04-15,4170.42,14.22,16.57,0.16
2021-04-16,4185.47,12.97,16.25,0.16
2021-04-19,4163.26,15.42,17.29,0.16
2021-04-20,4134.94,17.33,18.68,0.15
2021-04-21,4173.42,14.79,17.5,0.15
2021-04-22,4134.98,16.77,18.71,0.16
2021-04-23,4180.17,14.07,17.33,0.16
2021-04-26,4187.62,14.81,17.64,0.18
2021-04-27,4186.72,14.55,17.56,0.17
2021-04-28,4183.18,13.62,17.28,0.17
2021-04-29,4211.47,13.96,17.61,0.16
2021-04-30,4181.17,15.53,18.61,0.16
2021-05-03,4192.66,16.17,18.31,0.16
2021-05-04,4164.66,17.75,19.48,0.16
2021-05-05,4167.59,17.57,19.15,0.16
2021-05-06,4201.62,16.04,18.39,0.16
2021-05-07,4232.6,14.09,16.69,0.14
2021-05-10,4188.43,19.68,19.66,0.16
2021-05-11,4152.1,22.03,21.84,0.16
2021-05-12,4063.04,29.55,27.59,0.16
2021-05-13,4112.5,23.21,23.13,0.16
2021-05-14,4173.85,17.41,18.81,0.16
2021-05-17,4163.29,18.83,19.72,0.16
2021-05-18,4127.83,20.99,21.34,0.16
2021-05-19,4115.68,21.21,22.18,0.16
2021-05-20,4159.12,18.56,20.67,0.15
2021-05-21,4155.86,17.12,20.15,0.17
2021-05-24,4197.05,14.67,18.4,0.15
2021-05-25,4188.13,15.79,18.84,0.15
2021-05-26,4195.99,13.84,17.36,0.14
2021-05-27,4200.88,13.03,16.74,0.14
2021-05-28,4204.11,12.73,16.76,0.14
2021-05-31,,,,
2021-06-01,4202.04,15.0,17.9,0.16
2021-06-02,4208.12,13.7,17.48,0.13
2021-06-03,4192.85,15.18,18.04,0.16
2021-06-04,4229.89,12.7,16.42,0.14
2021-06-07,4226.52,13.91,16.42,0.16
2021-06-08,4227.26,15.43,17.07,0.14
2021-06-09,4219.55,17.09,17.89,0.16
2021-06-10,4239.18,13.83,16.1,0.14
2021-06-11,4247.44,13.06,15.65,0.16
2021-06-14,4255.15,14.92,16.39,0.16
2021-06-15,4246.59,15.92,17.02,0.16
2021-06-16,4223.7,17.94,18.15,0.21
2021-06-17,4221.86,16.67,17.75,0.23
2021-06-18,4166.45,20.14,20.7,0.26
2021-06-21,4224.79,16.83,17.89,0.27
2021-06-22,4246.44,14.58,16.66,0.25
2021-06-23,4241.84,13.63,16.32,0.26
2021-06-24,4266.49,12.77,15.97,0.26
2021-06-25,4280.7,11.86,15.62,0.28
2021-06-28,4290.61,11.92,15.76,0.25
2021-06-29,4291.8,11.86,16.02,0.27
2021-06-30,4297.5,11.11,15.83,0.25
2021-07-01,4319.94,11.43,15.48,0.25
2021-07-02,4352.34,10.4,15.07,0.24
2021-07-05,,,,
2021-07-06,4343.54,13.76,16.44,0.22
2021-07-07,4358.13,13.07,16.2,0.22
2021-07-08,4320.82,17.24,19.0,0.19
2021-07-09,4369.55,13.02,16.18,0.23
2021-07-12,4384.63,13.52,16.17,0.23
2021-07-13,4369.21,14.98,17.12,0.26
2021-07-14,4374.3,13.45,16.33,0.23
2021-07-15,4360.03,14.55,17.01,0.23
2021-07-16,4327.16,16.3,18.45,0.25
2021-07-19,4258.49,22.15,22.5,0.21
2021-07-20,4323.06,17.86,19.73,0.2
2021-07-21,4358.69,14.65,17.91,0.22
2021-07-22,4367.48,14.07,17.69,0.2
2021-07-23,4411.79,12.87,17.2,0.22
2021-07-26,4422.3,14.01,17.58,0.22
2021-07-27,4401.46,17.16,19.36,0.2
2021-07-28,4400.64,14.82,18.31,0.2
2021-07-29,4419.15,13.65,17.7,0.2
2021-07-30,4395.26,14.36,18.24,0.19
2021-08-02,4387.16,16.21,19.46,0.17
2021-08-03,4423.15,13.68,18.04,0.17
2021-08-04,4402.66,13.62,17.97,0.17
2021-08-05,4429.1,13.25,17.28,0.21
2021-08-06,4436.52,10.96,16.15,0.21
2021-08-09,4432.35,12.75,16.72,0.23
2021-08-10,4436.75,13.23,16.79,0.24
2021-08-11,4447.7,11.58,16.06,0.23
2021-08-12,4460.83,11.54,15.59,0.23
2021-08-13,4468.0,11.21,15.45,0.23
2021-08-16,4479.71,13.07,16.12,0.21
2021-08-17,4448.08,16.29,17.91,0.23
2021-08-18,4400.27,23.12,21.57,0.23
2021-08-19,4405.8,21.24,21.67,0.22
2021-08-20,4441.67,15.1,18.56,0.23
2021-08-23,4479.53,14.02,17.15,0.23
2021-08-24,4486.23,13.94,17.22,0.24
2021-08-25,4496.19,12.99,16.79,0.23
2021-08-26,4470.0,17.11,18.84,0.25
2021-08-27,4509.37,12.32,16.39,0.22
2021-08-30,4528.79,12.0,16.19,0.2
2021-08-31,4522.68,12.75,16.48,0.2
2021-09-01,4524.09,11.75,16.11,0.2
2021-09-02,4536.95,12.73,16.41,0.2
2021-09-03,4535.43,11.66,16.41,0.21
2021-09-06,,,,
2021-09-07,4520.03,15.33,18.14,0.22
2021-09-08,4514.07,14.75,17.96,0.22
2021-09-09,4493.28,16.55,18.8,0.23
2021-09-10,4458.58,22.58,20.95,0.23
2021-09-13,4468.73,20.2,19.37,0.21
2021-09-14,4443.05,19.43,19.46,0.21
2021-09-15,4480.7,16.2,18.18,0.21
2021-09-16,4473.75,16.64,18.69,0.23
2021-09-17,4432.99,19.66,20.81,0.23
2021-09-20,4357.73,27.7,25.71,0.23
2021-09-21,4354.19,25.13,24.36,0.22
2021-09-22,4395.64,19.46,20.87,0.25
2021-09-23,4448.98,17.08,18.63,0.27
2021-09-24,4455.48,15.24,17.75,0.29
2021-09-27,4443.11,16.96,18.76,0.31
2021-09-28,4352.63,24.56,23.25,0.31
2021-09-29,4359.46,21.79,22.56,0.3
2021-09-30,4307.54,23.03,23.14,0.28
2021-10-01,4357.04,19.42,21.15,0.27
2021-10-04,4300.46,23.04,22.96,0.27
2021-10-05,4345.72,20.32,21.3,0.28
2021-10-06,4363.55,19.54,21.0,0.3
2021-10-07,4399.76,18.13,19.54,0.32
2021-10-08,4391.34,16.74,18.77,0.32
2021-10-11,4361.19,19.75,20.0,
2021-10-12,4350.65,19.41,19.85,0.35
2021-10-13,4363.8,17.45,18.64,0.37
2021-10-14,4438.26,14.8,16.86,0.36
2021-10-15,4471.37,13.24,16.3,0.41
2021-10-18,4486.46,13.91,16.31,0.44
2021-10-19,4519.63,13.34,15.7,0.41
2021-10-20,4536.19,12.69,15.49,0.4
2021-10-21,4549.78,11.81,15.01,0.45
2021-10-22,4544.9,11.98,15.43,0.48
2021-10-25,4566.48,13.09,15.24,0.47
2021-10-26,4574.79,14.33,15.98,0.47
2021-10-27,4551.68,15.16,16.98,0.5
2021-10-28,4596.42,14.31,16.53,0.5
2021-10-29,4605.38,13.67,16.26,0.48
2021-11-01,4613.67,15.02,16.41,0.5
2021-11-02,4630.65,14.74,16.03,0.46
2021-11-03,4660.57,13.1,15.1,0.47
2021-11-04,4680.06,13.04,15.44,0.41
2021-11-05,4697.53,13.15,16.48,0.39
2021-11-08,4701.7,14.43,17.22,0.45
2021-11-09,4685.25,15.19,17.78,0.41
2021-11-10,4646.71,15.95,18.73,0.51
2021-11-11,4649.27,14.3,17.66,
2021-11-12,4682.85,11.99,16.29,0.53
2021-11-15,4682.8,12.2,16.49,0.53
2021-11-16,4700.9,11.94,16.37,0.54
2021-11-17,4688.67,11.51,17.11,0.52
2021-11-18,4704.54,12.43,17.59,0.52
2021-11-19,4697.96,12.45,17.91,0.52
2021-11-22,4682.94,16.06,19.17,0.63
2021-11-23,4690.7,16.35,19.38,0.6
2021-11-24,4701.46,14.82,18.58,0.64
2021-11-25,,,,
2021-11-26,4594.62,30.6,28.62,0.5
2021-11-29,4655.27,21.43,22.96,0.51
2021-11-30,4567.0,28.38,27.19,0.52
2021-12-01,4513.04,33.93,31.12,0.56
2021-12-02,4577.1,28.04,27.95,0.63
2021-12-03,4538.43,31.7,30.67,0.6
2021-12-06,4591.67,27.29,27.18,0.65
2021-12-07,4686.75,20.83,21.89,0.7
2021-12-08,4701.21,17.5,19.9,0.68
2021-12-09,4667.45,20.49,21.58,0.7
2021-12-10,4712.02,15.7,18.69,0.67
2021-12-13,4668.97,18.54,20.31,0.66
2021-12-14,4634.09,21.02,21.89,0.67
2021-12-15,4709.85,16.78,19.29,0.69
2021-12-16,4668.67,18.76,20.57,0.64
2021-12-17,4620.64,19.35,21.57,0.66
2021-12-20,4568.02,22.21,22.87,0.65
2021-12-21,4649.23,18.83,21.01,0.7
2021-12-22,4696.56,14.76,18.63,0.68
2021-12-23,4725.79,13.71,17.96,0.71
2021-12-24,,,,
2021-12-27,4791.19,14.48,17.68,0.76
2021-12-28,4786.35,14.4,17.54,0.74
2021-12-29,4793.06,12.85,16.95,0.75
2021-12-30,4778.73,13.86,17.33,0.73
2021-12-31,4766.18,13.26,17.22,0.73
2022-01-03,4796.56,13.52,16.6,0.78
2022-01-04,4793.54,13.88,16.91,0.77
2022-01-05,4700.58,18.07,19.73,0.83
2022-01-06,4696.05,17.06,19.61,0.88
2022-01-07,4677.03,15.4,18.76,0.87
2022-01-10,4670.29,17.91,19.4,0.92
2022-01-11,4713.07,16.59,18.41,0.9
2022-01-12,4726.35,14.68,17.62,0.92
2022-01-13,4659.03,18.79,20.31,0.91
2022-01-14,4662.85,17.31,19.19,0.99
2022-01-17,,,,
2022-01-18,4577.11,24.17,22.79,1.06
2022-01-19,4532.76,23.96,23.85,1.04
2022-01-20,4482.73,26.73,25.59,1.08
2022-01-21,4397.94,30.86,28.85,1.01
2022-01-24,4410.13,35.82,29.9,0.99
2022-01-25,4356.45,37.18,31.16,1.02
2022-01-26,4349.93,37.4,31.96,1.13
2022-01-27,4326.51,33.03,30.49,1.18
2022-01-28,4431.85,28.13,27.66,1.15
2022-01-31,4515.55,25.33,24.83,1.18
2022-02-01,4546.54,21.1,21.96,1.18
2022-02-02,4589.38,21.6,22.09,1.16
2022-02-03,4477.44,24.11,24.35,1.19
2022-02-04,4500.53,21.86,23.22,1.31
2022-02-07,4483.87,21.61,22.86,1.3
2022-02-08,4521.54,20.07,21.44,1.35
2022-02-09,4587.18,18.67,19.96,1.36
2022-02-10,4504.08,23.71,23.91,1.61
2022-02-11,4418.64,26.84,27.36,1.5
2022-02-14,4401.67,27.62,28.33,1.58
2022-02-15,4471.07,24.49,25.7,1.58
2022-02-16,4475.01,21.32,24.29,1.52
2022-02-17,4380.26,27.69,28.11,1.49
2022-02-18,4348.87,26.03,27.75,1.47
2022-02-21,,,,
2022-02-22,4304.76,28.62,28.81,1.56
2022-02-23,4225.5,30.71,31.02,1.58
2022-02-24,4288.7,30.04,30.32,1.54
2022-02-25,4384.65,26.15,27.59,1.55
2022-02-28,4373.94,31.5,30.15,1.44
2022-03-01,4306.26,34.8,33.32,1.31
2022-03-02,4386.54,30.79,30.74,1.5
2022-03-03,4363.49,30.02,30.48,1.53
2022-03-04,4328.87,31.11,31.98,1.5
2022-03-07,4201.09,38.57,36.45,1.55
2022-03-08,4170.7,36.66,35.13,1.63
2022-03-09,4277.88,33.44,32.45,1.68
2022-03-10,4259.52,30.01,30.23,1.72
2022-03-11,4204.31,30.63,30.75,1.75
2022-03-14,4173.11,34.23,31.77,1.87
2022-03-15,4262.45,30.71,29.83,1.85
2022-03-16,4357.86,26.51,26.67,1.95
2022-03-17,4411.67,24.94,25.67,1.94
2022-03-18,4463.12,22.19,23.87,1.97
2022-03-21,4461.18,22.73,23.53,2.14
2022-03-22,4511.61,22.57,22.94,2.18
2022-03-23,4456.24,23.21,23.57,2.13
2022-03-24,4520.16,20.42,21.67,2.13
2022-03-25,4543.06,18.45,20.81,2.3
2022-03-28,4575.52,17.82,19.63,2.35
2022-03-29,4631.6,17.54,18.9,2.35
2022-03-30,4602.45,17.43,19.33,2.31
2022-03-31,4530.41,18.4,20.56,2.28
2022-04-01,4545.86,16.0,19.63,2.44
2022-04-04,4582.64,15.76,18.57,2.43
2022-04-05,4525.12,18.62,21.03,2.51
2022-04-06,4481.15,19.64,22.1,2.5
2022-04-07,4500.21,19.05,21.55,2.47
2022-04-08,4488.28,17.3,21.16,2.53
2022-04-11,4412.53,22.85,24.37,2.5
2022-04-12,4397.45,22.49,24.26,2.39
2022-04-13,4446.59,19.15,21.82,2.37
2022-04-14,4392.59,19.34,22.7,2.47
2022-04-15,,,,
2022-04-18,4391.69,20.88,22.17,2.46
2022-04-19,4462.21,20.7,21.37,2.61
2022-04-20,4459.45,19.3,20.32,2.6
2022-04-21,4393.66,22.21,22.68,2.68
2022-04-22,4271.78,29.07,28.21,2.72
2022-04-25,4296.12,28.95,27.02,2.63
2022-04-26,4175.2,37.74,33.52,2.54
2022-04-27,4183.96,34.82,31.6,2.58
2022-04-28,4287.5,32.25,29.99,2.63
2022-04-29,4131.93,36.11,33.4,2.7
2022-05-02,4155.38,35.4,32.34,2.73
2022-05-03,4175.48,31.61,29.25,2.78
2022-05-04,4300.17,26.16,25.42,2.66
2022-05-05,4146.87,33.25,31.2,2.71
2022-05-06,4123.34,29.79,30.19,2.72
2022-05-09,3991.24,36.65,34.75,2.61
2022-05-10,4001.05,34.7,32.99,2.62
2022-05-11,3935.18,33.92,32.56,2.66
2022-05-12,3930.08,33.32,31.77,2.56
2022-05-13,4023.89,29.38,28.87,2.61
2022-05-16,4008.01,28.52,27.47,2.58
2022-05-17,4088.85,26.92,26.1,2.71
2022-05-18,3923.68,32.3,30.96,2.68
2022-05-19,3900.79,30.69,29.35,2.63
2022-05-20,3901.36,29.19,29.43,2.6
2022-05-23,3973.75,28.98,28.48,2.65
2022-05-24,3941.48,29.48,29.45,2.5
2022-05-25,3978.73,27.37,28.37,2.48
2022-05-26,4057.84,25.67,27.5,2.46
2022-05-27,4158.24,23.13,25.72,2.47
2022-05-30,,,26.54,
2022-05-31,4132.15,25.91,26.19,2.53
2022-06-01,4101.23,25.12,25.69,2.66
2022-06-02,4176.82,23.57,24.72,2.65
2022-06-03,4108.54,23.05,24.79,2.66
2022-06-06,4121.43,25.57,25.07,2.73
2022-06-07,4160.68,24.23,24.02,2.75
2022-06-08,4115.77,23.91,23.96,2.78
2022-06-09,4017.82,27.54,26.09,2.83
2022-06-10,3900.86,28.78,27.75,3.06
2022-06-13,3749.63,38.86,34.02,3.4
2022-06-14,3735.48,36.95,32.69,3.45
2022-06-15,3789.99,32.53,29.62,3.2
2022-06-16,3666.77,36.58,32.95,3.14
2022-06-17,3674.84,30.4,31.13,3.17
2022-06-20,,,31.03,
2022-06-21,3764.79,30.38,30.19,3.21
2022-06-22,3759.89,28.3,28.95,3.06
2022-06-23,3795.73,28.29,29.05,3.01
2022-06-24,3911.74,26.04,27.23,3.04
2022-06-27,3900.11,25.81,26.95,3.08
2022-06-28,3821.55,27.18,28.36,3.1
2022-06-29,3818.83,26.56,28.16,3.06
2022-06-30,3785.38,26.86,28.71,2.92
2022-07-01,3825.33,23.56,26.7,2.84
2022-07-04,,,27.53,
2022-07-05,3831.39,27.34,27.54,2.82
2022-07-06,3845.08,25.95,26.73,2.97
2022-07-07,3902.62,24.79,26.08,3.03
2022-07-08,3899.38,21.91,24.64,3.12
2022-07-11,3854.43,24.46,26.17,3.07
2022-07-12,3818.8,27.13,27.29,3.03
2022-07-13,3801.78,25.94,26.82,3.13
2022-07-14,3790.38,25.22,26.4,3.15
2022-07-15,3863.16,22.14,24.23,3.13
2022-07-18,3830.85,25.6,25.3,3.15
2022-07-19,3936.69,26.2,24.5,3.23
2022-07-20,3959.9,25.18,23.88,3.25
2022-07-21,3998.95,23.44,23.11,3.1
2022-07-22,3961.63,22.09,23.03,2.98
2022-07-25,3966.84,23.09,23.36,3.0
2022-07-26,3921.05,24.95,24.69,3.02
2022-07-27,4023.61,22.14,23.24,2.96
2022-07-28,4072.43,20.81,22.33,2.85
2022-07-29,4130.29,18.57,21.33,2.89
2022-08-01,4118.63,21.94,22.84,2.9
2022-08-02,4091.19,23.25,23.93,3.06
2022-08-03,4155.17,20.56,21.95,3.1
2022-08-04,4151.94,19.69,21.44,3.03
2022-08-05,4145.19,19.32,21.15,3.24
2022-08-08,4140.06,19.93,21.29,3.21
2022-08-09,4122.47,20.81,21.77,3.28
2022-08-10,4210.24,17.59,19.74,3.23
2022-08-11,4207.27,18.03,20.2,3.23
2022-08-12,4280.15,16.78,19.53,3.25
2022-08-15,4297.14,18.54,19.95,3.2
2022-08-16,4305.2,18.6,19.69,3.25
2022-08-17,4274.04,18.64,19.9,3.28
2022-08-18,4283.74,17.67,19.56,3.22
2022-08-19,4228.48,18.24,20.6,3.25
2022-08-22,4137.99,22.85,23.8,3.32
2022-08-23,4128.73,23.35,24.11,3.29
2022-08-24,4140.77,21.2,22.82,3.36
2022-08-25,4199.12,20.34,21.78,3.35
2022-08-26,4057.66,23.9,25.56,3.37
2022-08-29,4030.61,24.76,26.21,3.42
2022-08-30,3986.16,24.41,26.21,3.46
2022-08-31,3955.0,23.69,25.87,3.45
2022-09-01,3966.85,23.76,25.56,3.51
2022-09-02,3924.26,22.97,25.47,3.4
2022-09-05,,,25.99,
2022-09-06,3908.19,26.99,26.91,3.5
2022-09-07,3979.87,24.05,24.64,3.45
2022-09-08,4006.18,22.84,23.61,3.48
2022-09-09,4067.36,21.71,22.79,3.56
2022-09-12,4110.41,25.26,23.87,3.58
2022-09-13,3932.69,29.14,27.27,3.75
2022-09-14,3946.01,27.28,26.16,3.78
2022-09-15,3901.35,27.11,26.27,3.87
2022-09-16,3873.33,27.06,26.3,3.85
2022-09-19,3899.89,27.78,25.76,3.95
2022-09-20,3855.93,30.39,27.16,3.96
2022-09-21,3789.93,30.34,27.99,4.02
2022-09-22,3757.99,27.67,27.35,4.11
2022-09-23,3693.23,30.25,29.92,4.2
2022-09-26,3655.04,34.14,32.26,4.27
2022-09-27,3647.29,33.49,32.6,4.3
2022-09-28,3719.04,31.16,30.18,4.07
2022-09-29,3640.47,32.67,31.84,4.16
2022-09-30,3585.62,31.19,31.62,4.22
2022-10-03,3678.43,30.65,30.1,4.12
2022-10-04,3790.93,29.82,29.07,4.1
2022-10-05,3783.28,28.81,28.55,4.15
2022-10-06,3744.52,31.3,30.52,4.23
2022-10-07,3639.66,30.55,31.36,4.3
2022-10-10,3612.39,32.22,32.45,
2022-10-11,3588.84,34.66,33.63,4.3
2022-10-12,3577.03,34.61,33.57,4.28
2022-10-13,3669.91,31.51,31.94,4.47
2022-10-14,3583.07,29.67,32.02,4.48
2022-10-17,3677.95,30.6,31.37,4.45
2022-10-18,3719.98,28.99,30.5,4.43
2022-10-19,3695.16,28.67,30.76,4.55
2022-10-20,3665.78,27.87,29.98,4.62
2022-10-21,3752.75,28.46,29.69,4.49
2022-10-24,3797.34,31.66,29.85,4.5
2022-10-25,3859.11,30.67,28.46,4.42
2022-10-26,3830.6,29.32,27.28,4.39
2022-10-27,3807.3,29.77,27.39,4.3
2022-10-28,3901.06,27.81,25.75,4.41
2022-10-31,3871.98,29.8,25.88,4.51
2022-11-01,3856.1,30.51,25.81,4.54
2022-11-02,3759.69,29.37,25.86,4.61
2022-11-03,3719.89,28.4,25.3,4.71
2022-11-04,3770.55,27.04,24.55,4.66
2022-11-07,3806.8,27.16,24.35,4.72
2022-11-08,3828.11,28.7,25.54,4.67
2022-11-09,3748.57,28.9,26.09,4.61
2022-11-10,3956.37,24.46,23.53,4.34
2022-11-11,3992.93,21.31,22.52,
2022-11-14,3957.25,21.19,23.73,4.4
2022-11-15,3991.73,21.8,24.54,4.37
2022-11-16,3958.79,19.67,24.11,4.35
2022-11-17,3946.56,19.74,23.93,4.43
2022-11-18,3965.34,18.34,23.12,4.51
2022-11-21,3949.94,19.51,22.36,4.48
2022-11-22,4003.58,19.03,21.29,4.47
2022-11-23,4027.26,16.91,20.35,4.46
2022-11-24,,,20.42,
2022-11-25,4026.12,17.06,20.5,4.42
2022-11-28,3963.94,20.07,22.21,4.46
2022-11-29,3957.63,20.39,21.89,4.48
2022-11-30,4080.11,18.87,20.58,4.38
2022-12-01,4076.57,18.38,19.84,4.25
2022-12-02,4071.7,17.95,19.06,4.28
2022-12-05,3998.84,23.81,20.75,4.41
2022-12-06,3941.26,27.08,22.17,4.34
2022-12-07,3933.92,28.07,22.68,4.26
2022-12-08,3963.51,26.74,22.29,4.31
2022-12-09,3934.38,26.48,22.83,4.33
2022-12-12,3990.56,29.54,25.0,4.39
2022-12-13,4019.65,23.7,22.55,4.22
2022-12-14,3995.32,20.2,21.14,4.23
2022-12-15,3895.75,21.73,22.83,4.23
2022-12-16,3852.36,20.51,22.62,4.17
2022-12-19,3817.66,20.83,22.42,4.25
2022-12-20,3821.62,19.78,21.48,4.25
2022-12-21,3878.44,17.58,20.07,4.21
2022-12-22,3822.39,19.84,21.97,4.24
2022-12-23,3844.82,17.49,20.87,4.31
2022-12-26,,,,
2022-12-27,3829.25,19.77,21.65,4.32
2022-12-28,3783.22,20.88,22.14,4.31
2022-12-29,3849.28,20.49,21.44,4.34
2022-12-30,3839.5,21.14,21.67,4.41
2023-01-02,,,,
2023-01-03,3824.14,25.08,22.9,4.4
2023-01-04,3852.97,23.92,22.01,4.36
2023-01-05,3808.1,24.54,22.46,4.45
2023-01-06,3895.08,21.57,21.13,4.24
2023-01-09,3892.09,23.04,21.97,4.19
2023-01-10,3919.25,21.5,20.58,4.24
2023-01-11,3969.61,22.41,21.09,4.2
2023-01-12,3983.17,16.46,18.83,4.12
2023-01-13,3999.09,14.82,18.35,4.22
2023-01-16,,,19.49,
2023-01-17,3990.97,16.61,19.36,4.18
2023-01-18,3928.86,17.24,20.34,4.06
2023-01-19,3898.85,18.28,20.52,4.09
2023-01-20,3972.61,18.26,19.85,4.14
2023-01-23,4019.81,21.25,19.81,4.21
2023-01-24,4016.95,21.84,19.2,4.12
2023-01-25,4016.22,22.01,19.08,4.11
2023-01-26,4060.43,21.05,18.73,4.17
2023-01-27,4070.56,20.03,18.51,4.19
2023-01-30,4017.77,22.42,19.94,4.25
2023-01-31,4076.6,21.74,19.4,4.21
2023-02-01,4119.21,18.56,17.87,4.09
2023-02-02,4179.76,19.13,18.73,4.09
2023-02-03,4136.48,17.76,18.33,4.3
2023-02-06,4111.08,20.67,19.43,4.44
2023-02-07,4164.0,19.62,18.66,4.47
2023-02-08,4117.86,21.0,19.63,4.45
2023-02-09,4081.5,22.74,20.71,4.48
2023-02-10,4090.46,21.5,20.53,4.5
2023-02-13,4137.29,21.41,20.34,4.52
2023-02-14,4136.13,17.72,18.91,4.6
2023-02-15,4147.6,16.02,18.23,4.62
2023-02-16,4090.41,19.33,20.17,4.62
2023-02-17,4079.09,16.94,20.02,4.6
2023-02-20,,,21.23,
2023-02-21,3997.34,21.14,22.87,4.67
2023-02-22,3991.05,19.2,22.29,4.66
2023-02-23,4012.32,18.11,21.14,4.66
2023-02-24,3970.04,18.38,21.67,4.78
2023-02-27,3982.24,19.37,20.95,4.78
2023-02-28,3970.15,19.59,20.7,4.81
2023-03-01,3951.39,19.59,20.58,4.89
2023-03-02,3981.35,18.71,19.59,4.89
2023-03-03,4045.64,17.76,18.49,4.86
2023-03-06,4048.42,19.6,18.61,4.89
2023-03-07,3986.37,20.96,19.59,5.0
2023-03-08,3992.01,20.57,19.11,5.05
2023-03-09,3918.32,25.46,22.61,4.9
2023-03-10,3861.59,26.86,24.8,4.6
2023-03-13,3855.76,30.93,26.52,4.03
2023-03-14,3919.29,25.97,23.73,4.2
2023-03-15,3891.93,29.31,26.14,3.93
2023-03-16,3960.28,24.61,22.99,4.14
2023-03-17,3916.64,27.01,25.51,3.81
2023-03-20,3951.57,25.9,24.15,3.92
2023-03-21,4002.87,22.84,21.38,4.17
2023-03-22,3936.97,23.75,22.26,3.96
2023-03-23,3948.72,23.11,22.61,3.76
2023-03-24,3970.99,20.62,21.74,3.76
2023-03-27,3977.53,19.31,20.6,3.94
2023-03-28,3971.27,18.33,19.97,4.02
2023-03-29,4027.81,17.17,19.12,4.08
2023-03-30,4050.83,17.3,19.02,4.1
2023-03-31,4109.31,16.51,18.7,4.06
2023-04-03,4124.51,17.03,18.55,3.97
2023-04-04,4100.6,17.42,19.0,3.84
2023-04-05,4090.38,16.99,19.08,3.79
2023-04-06,4105.02,15.68,18.4,3.82
2023-04-07,,,,3.97
2023-04-10,4109.11,16.8,18.97,4.0
2023-04-11,4108.94,16.86,19.1,4.03
2023-04-12,4091.95,15.9,19.09,3.95
2023-04-13,4146.22,14.65,17.8,3.96
2023-04-14,4137.64,13.35,17.07,4.08
2023-04-17,4151.32,14.51,16.95,4.18
2023-04-18,4154.87,14.71,16.83,4.19
2023-04-19,4154.52,14.3,16.46,4.24
2023-04-20,4129.79,15.13,17.17,4.14
2023-04-21,4133.52,14.88,16.77,4.17
2023-04-24,4137.04,16.65,16.89,4.12
2023-04-25,4071.63,19.08,18.76,3.86
2023-04-26,4055.99,19.28,18.84,3.9
2023-04-27,4135.35,17.22,17.03,4.07
2023-04-28,4169.48,15.53,15.78,4.04
2023-05-01,4167.87,16.07,16.08,4.14
2023-05-02,4119.58,18.61,17.78,3.97
2023-05-03,4090.75,18.49,18.34,3.89
2023-05-04,4061.22,19.88,20.09,3.75
2023-05-05,4136.25,15.34,17.19,3.92
2023-05-08,4138.12,15.24,16.98,4.0
2023-05-09,4119.17,16.4,17.71,4.01
2023-05-10,4137.64,14.59,16.94,3.9
2023-05-11,4130.62,14.49,16.93,3.89
2023-05-12,4124.08,14.09,17.03,3.98
2023-05-15,4136.28,14.64,17.12,3.99
2023-05-16,4109.9,15.99,17.99,4.06
2023-05-17,4158.77,14.67,16.87,4.12
2023-05-18,4198.05,14.06,16.05,4.24
2023-05-19,4191.98,14.25,16.81,4.28
2023-05-22,4192.63,15.52,17.21,4.29
2023-05-23,4145.58,17.37,18.53,4.26
2023-05-24,4115.24,19.77,20.03,4.31
2023-05-25,4151.28,18.46,19.14,4.5
2023-05-26,4205.45,17.24,17.95,4.54
2023-05-29,,,17.46,
2023-05-30,4205.52,16.51,17.46,4.46
2023-05-31,4179.83,16.85,17.94,4.4
2023-06-01,4221.02,13.98,15.65,4.33
2023-06-02,4282.37,12.74,14.6,4.5
2023-06-05,4273.79,14.14,14.73,4.46
2023-06-06,4283.85,13.83,13.96,4.51
2023-06-07,4267.52,13.86,13.94,4.56
2023-06-08,4293.93,13.59,13.65,4.52
2023-06-09,4298.86,13.29,13.83,4.59
2023-06-12,4338.93,15.35,15.01,4.55
2023-06-13,4369.01,14.4,14.61,4.67
2023-06-14,4372.59,12.71,13.88,4.74
2023-06-15,4425.84,13.58,14.5,4.62
2023-06-16,4409.59,11.33,13.54,4.7
2023-06-19,,,14.19,
2023-06-20,4388.71,12.92,13.88,4.68
2023-06-21,4365.69,12.03,13.2,4.68
2023-06-22,4381.89,11.15,12.91,4.77
2023-06-23,4348.33,11.61,13.44,4.71
2023-06-26,4328.82,12.68,14.25,4.65
2023-06-27,4378.41,12.05,13.74,4.74
2023-06-28,4376.86,11.74,13.43,4.71
2023-06-29,4396.44,11.75,13.54,4.87
2023-06-30,4450.38,11.53,13.59,4.87
2023-07-03,4455.59,12.0,13.57,4.94
2023-07-04,,,13.7,
2023-07-05,4446.82,12.57,14.18,4.94
2023-07-06,4411.59,13.96,15.44,4.99
2023-07-07,4398.95,12.6,14.83,4.94
2023-07-10,4409.53,13.5,15.07,4.85
2023-07-11,4439.26,13.7,14.84,4.88
2023-07-12,4472.16,11.38,13.54,4.72
2023-07-13,4510.04,12.13,13.61,4.59
2023-07-14,4505.42,11.9,13.34,4.74
2023-07-17,4522.79,13.09,13.48,4.74
2023-07-18,4554.98,13.15,13.3,4.74
2023-07-19,4565.72,13.36,13.76,4.74
2023-07-20,4534.87,13.57,13.99,4.8
2023-07-21,4536.34,12.5,13.6,4.82
2023-07-24,4554.64,13.41,13.91,4.81
2023-07-25,4567.46,13.49,13.86,4.85
2023-07-26,4566.75,11.74,13.19,4.82
2023-07-27,4537.41,13.47,14.41,4.91
2023-07-28,4582.23,11.23,13.33,4.87
2023-07-31,4588.96,12.62,13.63,4.88
2023-08-01,4576.73,13.01,13.93,4.92
2023-08-02,4513.39,15.4,16.09,4.88
2023-08-03,4501.89,15.06,15.92,4.9
2023-08-04,4478.03,16.09,17.1,4.78
2023-08-07,4518.44,14.68,15.77,4.76
2023-08-08,4499.38,14.81,15.99,4.74
2023-08-09,4467.71,15.33,15.96,4.79
2023-08-10,4468.83,15.38,15.85,4.82
2023-08-11,4464.05,13.63,14.84,4.89
2023-08-14,4489.72,14.57,14.82,4.96
2023-08-15,4437.86,16.56,16.46,4.92
2023-08-16,4404.33,16.36,16.78,4.97
2023-08-17,4370.36,17.47,17.89,4.94
2023-08-18,4369.71,16.54,17.3,4.92
2023-08-21,4399.77,16.82,17.13,4.97
2023-08-22,4387.55,16.39,16.97,5.02
2023-08-23,4436.01,15.34,15.98,4.95
2023-08-24,4376.31,16.1,17.2,4.98
2023-08-25,4405.71,13.78,15.68,5.03
2023-08-28,4433.31,13.53,15.08,4.98
2023-08-29,4497.63,13.3,14.45,4.87
2023-08-30,4514.87,12.42,13.88,4.9
2023-08-31,4507.66,11.79,13.57,4.85
2023-09-01,4515.77,10.45,13.09,4.87
2023-09-04,,,13.82,
2023-09-05,4496.83,12.89,14.01,4.94
2023-09-06,4465.48,13.1,14.45,5.01
2023-09-07,4451.14,13.1,14.4,4.94
2023-09-08,4457.49,12.38,13.84,4.98
2023-09-11,4487.46,13.27,13.8,4.97
2023-09-12,4461.9,14.05,14.23,4.98
2023-09-13,4467.44,12.47,13.48,4.96
2023-09-14,4505.1,11.8,12.82,5.0
2023-09-15,4450.32,12.51,13.79,5.02
2023-09-18,4453.53,13.62,14.0,5.05
2023-09-19,4443.95,14.23,14.11,5.08
2023-09-20,4402.2,15.27,15.14,5.12
2023-09-21,4330.0,18.88,17.54,5.12
2023-09-22,4320.06,17.51,17.2,5.1
2023-09-25,4337.44,17.56,16.9,5.09
2023-09-26,4273.53,19.85,18.94,5.04
2023-09-27,4274.51,18.92,18.22,5.1
2023-09-28,4299.7,17.63,17.34,5.04
2023-09-29,4288.05,17.2,17.52,5.03
2023-10-02,4288.39,17.61,17.61,5.12
2023-10-03,4229.45,19.9,19.78,5.15
2023-10-04,4263.75,18.3,18.58,5.05
2023-10-05,4258.19,18.36,18.49,5.03
2023-10-06,4308.5,16.29,17.45,5.08
2023-10-09,4335.66,17.88,17.7,
2023-10-10,4358.24,17.11,17.03,4.96
2023-10-11,4376.95,15.17,16.09,4.99
2023-10-12,4349.61,15.87,16.69,5.06
2023-10-13,4327.78,18.76,19.32,5.04
2023-10-16,4373.63,17.19,17.21,5.09
2023-10-17,4373.2,17.71,17.88,5.19
2023-10-18,4314.6,18.9,19.22,5.19
2023-10-19,4278.0,21.46,21.4,5.14
2023-10-20,4224.16,20.76,21.71,5.07
2023-10-23,4217.04,20.69,20.37,5.05
2023-10-24,4247.68,19.31,18.97,5.02
2023-10-25,4186.77,20.49,20.19,5.08
2023-10-26,4137.23,20.8,20.68,5.02
2023-10-27,4117.37,21.36,21.27,4.99
2023-10-30,4166.82,20.65,19.75,5.03
2023-10-31,4193.8,19.02,18.14,5.07
2023-11-01,4237.86,16.87,16.87,4.95
2023-11-02,4317.78,15.16,15.66,4.98
2023-11-03,4358.34,13.71,14.91,4.83
2023-11-06,4365.98,14.53,14.89,4.93
2023-11-07,4378.38,14.43,14.81,4.91
2023-11-08,4382.78,13.83,14.45,4.93
2023-11-09,4347.35,14.7,15.29,5.03
2023-11-10,4415.24,12.78,14.17,5.04
2023-11-13,4411.55,13.8,14.76,5.02
2023-11-14,4495.7,12.87,14.16,4.8
2023-11-15,4502.88,11.89,14.18,4.9
2023-11-16,4508.24,11.81,14.32,4.83
2023-11-17,4514.02,10.67,13.8,4.88
2023-11-20,4547.38,11.14,13.41,4.89
2023-11-21,4538.19,11.47,13.35,4.86
2023-11-22,4556.62,9.96,12.85,4.89
2023-11-23,,,12.8,
2023-11-24,4559.34,9.83,12.46,4.92
2023-11-27,4550.43,11.27,12.69,4.84
2023-11-28,4554.89,11.52,12.69,4.73
2023-11-29,4550.58,12.05,12.98,4.64
2023-11-30,4567.8,12.3,12.92,4.73
2023-12-01,4594.63,11.98,12.63,4.56
2023-12-04,4569.78,13.46,13.08,4.64
2023-12-05,4567.18,13.53,12.85,4.57
2023-12-06,4549.34,13.67,12.97,4.6
2023-12-07,4585.59,13.73,13.06,4.58
2023-12-08,4604.37,12.21,12.35,4.71
2023-12-11,4622.44,12.68,12.63,4.71
2023-12-12,4643.7,11.64,12.07,4.73
2023-12-13,4707.09,12.43,12.19,4.46
2023-12-14,4719.55,12.29,12.48,4.37
2023-12-15,4719.19,10.87,12.28,4.44
2023-12-18,4740.56,11.44,12.56,4.43
2023-12-19,4768.37,11.25,12.53,4.41
2023-12-20,4698.35,13.67,13.67,4.34
2023-12-21,4746.75,13.11,13.65,4.33
2023-12-22,4754.63,11.56,13.03,4.31
2023-12-25,,,,
2023-12-26,4774.75,12.45,12.99,4.26
2023-12-27,4781.58,11.23,12.43,4.2
2023-12-28,4783.35,11.23,12.47,4.26
2023-12-29,4769.83,10.67,12.45,4.23
2024-01-01,,,,
2024-01-02,4742.83,12.59,13.2,4.33
2024-01-03,4704.81,13.24,14.04,4.33
2024-01-04,4688.68,13.06,14.13,4.38
2024-01-05,4697.24,11.71,13.35,4.4
2024-01-08,4763.54,11.7,13.08,4.36
2024-01-09,4756.5,11.35,12.76,4.36
2024-01-10,4783.45,11.09,12.69,4.37
2024-01-11,4780.24,10.75,12.44,4.26
2024-01-12,4783.83,10.52,12.7,4.14
2024-01-15,,,13.25,
2024-01-16,4765.98,12.64,13.84,4.22
2024-01-17,4739.21,13.32,14.79,4.34
2024-01-18,4780.94,12.66,14.13,4.34
2024-01-19,4839.81,11.82,13.3,4.39
2024-01-22,4850.43,13.18,13.19,4.37
2024-01-23,4864.6,12.49,12.55,4.31
2024-01-24,4868.55,13.58,13.14,4.34
2024-01-25,4894.16,13.74,13.45,4.28
2024-01-26,4890.97,13.07,13.26,4.34
2024-01-29,4927.93,13.95,13.6,4.29
2024-01-30,4924.97,13.72,13.31,4.36
2024-01-31,4845.65,14.55,14.35,4.27
2024-02-01,4906.19,13.28,13.88,4.2
2024-02-02,4958.61,13.04,13.85,4.36
2024-02-05,4942.81,13.35,13.67,4.46
2024-02-06,4954.23,12.46,13.06,4.39
2024-02-07,4995.06,11.96,12.83,4.41
2024-02-08,4997.91,11.6,12.79,4.46
2024-02-09,5026.61,11.61,12.93,4.48
2024-02-12,5021.84,13.03,13.93,4.46
2024-02-13,4953.17,15.0,15.85,4.64
2024-02-14,5000.62,12.92,14.38,4.56
2024-02-15,5029.73,12.47,14.01,4.56
2024-02-16,5005.57,12.57,14.24,4.64
2024-02-19,,,14.71,
2024-02-20,4975.51,14.85,15.42,4.59
2024-02-21,4981.8,14.65,15.34,4.64
2024-02-22,5087.03,13.17,14.54,4.69
2024-02-23,5088.8,11.92,13.75,4.67
2024-02-26,5069.53,13.13,13.74,4.69
2024-02-27,5078.18,12.84,13.43,4.7
2024-02-28,5069.76,13.52,13.84,4.64
2024-02-29,5096.27,12.48,13.4,4.64
2024-03-01,5137.08,11.82,13.11,4.54
2024-03-04,5130.95,13.23,13.49,4.61
2024-03-05,5078.65,14.88,14.46,4.54
2024-03-06,5104.76,14.88,14.5,4.55
2024-03-07,5157.36,14.55,14.44,4.5
2024-03-08,5123.69,14.63,14.74,4.48
2024-03-11,5117.94,16.46,15.22,4.51
2024-03-12,5175.27,14.07,13.84,4.58
2024-03-13,5165.31,14.1,13.75,4.61
2024-03-14,5150.48,14.87,14.4,4.68
2024-03-15,5117.09,14.16,14.41,4.72
2024-03-18,5149.42,14.5,14.33,4.73
2024-03-19,5178.51,13.64,13.82,4.68
2024-03-20,5224.62,11.58,13.04,4.59
2024-03-21,5241.53,11.17,12.92,4.62
2024-03-22,5234.18,10.86,13.06,4.59
2024-03-25,5218.19,11.47,13.19,4.54
2024-03-26,5203.58,11.59,13.24,4.56
2024-03-27,5248.49,10.53,12.78,4.54
2024-03-28,5254.35,10.56,13.01,4.59
2024-03-29,,,,
2024-04-01,5243.77,12.62,13.65,4.72
2024-04-02,5205.81,14.03,14.61,4.7
2024-04-03,5211.49,13.27,14.33,4.68
2024-04-04,5147.21,17.14,16.35,4.65
2024-04-05,5204.34,15.46,16.03,4.73
2024-04-08,5202.39,14.56,15.19,4.78
2024-04-09,5209.91,14.7,14.98,4.74
2024-04-10,5160.64,15.81,15.8,4.97
2024-04-11,5199.06,14.18,14.91,4.93
2024-04-12,5123.41,17.33,17.31,4.88
2024-04-15,5061.82,20.76,19.23,4.93
2024-04-16,5051.41,19.24,18.4,4.97
2024-04-17,5022.21,18.1,18.21,4.93
2024-04-18,5011.12,17.88,18.0,4.98
2024-04-19,4967.23,18.13,18.71,4.97
2024-04-22,5010.6,17.45,16.94,4.97
2024-04-23,5070.55,16.25,15.69,4.86
2024-04-24,5071.63,16.29,15.97,4.89
2024-04-25,5048.42,15.81,15.37,4.96
2024-04-26,5099.96,14.67,15.03,4.96
2024-04-29,5116.17,15.11,14.67,4.97
2024-04-30,5035.69,16.66,15.65,5.04
2024-05-01,5018.39,15.91,15.39,4.96
2024-05-02,5064.2,14.86,14.68,4.87
2024-05-03,5127.79,12.0,13.49,4.81
2024-05-06,5180.74,13.13,13.49,4.82
2024-05-07,5187.7,12.76,13.23,4.82
2024-05-08,5187.67,12.48,13.0,4.84
2024-05-09,5214.08,11.92,12.69,4.8
2024-05-10,5222.68,11.82,12.55,4.87
2024-05-13,5221.42,13.71,13.6,4.85
2024-05-14,5246.68,13.31,13.42,4.81
2024-05-15,5308.15,11.42,12.45,4.73
2024-05-16,5297.1,10.96,12.42,4.78
2024-05-17,5303.27,9.67,11.99,4.83
2024-05-20,5308.13,10.53,12.15,4.82
2024-05-21,5321.41,10.08,11.86,4.82
2024-05-22,5307.01,11.14,12.29,4.86
2024-05-23,5267.84,10.79,12.77,4.91
2024-05-24,5304.72,9.19,11.93,4.93
2024-05-27,,,12.36,
2024-05-28,5306.04,11.51,12.92,4.94
2024-05-29,5266.95,13.41,14.28,4.96
2024-05-30,5235.48,13.67,14.47,4.92
2024-05-31,5277.51,11.68,12.92,4.89
2024-06-03,5283.4,13.91,13.11,4.82
2024-06-04,5291.34,14.28,13.16,4.77
2024-06-05,5354.03,13.99,12.63,4.72
2024-06-06,5352.96,13.47,12.58,4.72
2024-06-07,5346.99,12.33,12.22,4.87
2024-06-10,5360.79,12.85,12.74,4.87
2024-06-11,5375.32,12.87,12.85,4.81
2024-06-12,5421.03,10.4,12.04,4.75
2024-06-13,5433.74,10.28,11.94,4.68
2024-06-14,5431.6,11.0,12.66,4.67
2024-06-17,5473.23,11.94,12.75,4.75
2024-06-18,5487.03,11.12,12.3,4.69
2024-06-19,,,12.48,
2024-06-20,5473.17,12.36,13.28,4.7
2024-06-21,5464.62,10.96,13.2,4.7
2024-06-24,5447.87,11.83,13.33,4.71
2024-06-25,5469.3,11.1,12.84,4.65
2024-06-26,5477.9,10.51,12.55,4.71
2024-06-27,5482.87,10.49,12.24,4.7
2024-06-28,5460.48,10.54,12.44,4.71
2024-07-01,5475.09,10.93,12.22,4.77
2024-07-02,5509.01,10.6,12.03,4.74
2024-07-03,5537.02,10.72,12.09,4.71
2024-07-04,,,12.26,
2024-07-05,5567.19,10.81,12.48,4.6
2024-07-08,5572.85,11.05,12.37,4.62
2024-07-09,5576.98,11.11,12.51,4.62
2024-07-10,5633.91,12.0,12.85,4.62
2024-07-11,5584.54,11.42,12.92,4.5
2024-07-12,5615.35,10.55,12.46,4.45
2024-07-15,5631.22,12.18,13.12,4.44
2024-07-16,5667.2,11.8,13.19,4.43
2024-07-17,5588.27,13.16,14.48,4.42
2024-07-18,5544.59,14.9,15.93,4.46
2024-07-19,5505.0,15.04,16.52,4.49
2024-07-22,5564.41,14.79,14.91,4.5
2024-07-23,5555.74,14.61,14.72,4.4
2024-07-24,5427.13,19.79,18.04,4.37
2024-07-25,5399.22,19.82,18.46,4.41
2024-07-26,5459.1,16.81,16.39,4.36
2024-07-29,5463.54,17.39,16.6,4.36
2024-07-30,5436.44,18.9,17.69,4.35
2024-07-31,5522.3,16.51,16.36,4.29
2024-08-01,5446.68,19.54,18.59,4.16
2024-08-02,5346.56,23.31,23.39,3.88
2024-08-05,5186.33,42.79,38.57,3.89
2024-08-06,5240.03,28.93,27.71,3.99
2024-08-07,5199.5,29.26,27.85,4.0
2024-08-08,5319.31,23.9,23.79,4.04
2024-08-09,5344.16,20.06,20.37,4.05
2024-08-12,5344.39,21.92,20.71,4.01
2024-08-13,5434.43,18.57,18.12,3.93
2024-08-14,5455.21,15.79,16.19,3.94
2024-08-15,5543.22,14.37,15.23,4.08
2024-08-16,5554.25,12.97,14.8,4.06
2024-08-19,5608.25,14.12,14.65,4.06
2024-08-20,5597.12,15.85,15.88,3.99
2024-08-21,5620.85,15.65,16.27,3.92
2024-08-22,5570.64,16.55,17.55,3.99
2024-08-23,5634.61,13.69,15.86,3.9
2024-08-26,5616.84,14.87,16.15,3.91
2024-08-27,5625.8,14.17,15.43,3.83
2024-08-28,5592.18,16.64,17.11,3.83
2024-08-29,5591.96,13.73,15.65,3.87
2024-08-30,5648.4,12.9,15.0,3.91
2024-09-02,,,15.55,
2024-09-03,5528.93,20.07,20.72,3.88
2024-09-04,5520.07,20.43,21.32,3.76
2024-09-05,5503.41,19.54,19.9,3.75
2024-09-06,5408.42,22.26,22.38,3.66
2024-09-09,5471.05,19.67,19.45,3.68
2024-09-10,5495.52,19.69,19.08,3.59
2024-09-11,5554.13,17.88,17.69,3.62
2024-09-12,5595.76,16.75,17.07,3.64
2024-09-13,5626.02,15.8,16.56,3.57
2024-09-16,5633.09,17.19,17.14,3.56
2024-09-17,5634.58,18.09,17.61,3.59
2024-09-18,5618.26,17.95,18.23,3.61
2024-09-19,5713.64,14.66,16.33,3.59
2024-09-20,5702.55,13.2,16.15,3.55
2024-09-23,5718.57,14.35,15.89,3.57
2024-09-24,5732.93,14.12,15.39,3.49
2024-09-25,5722.26,14.24,15.41,3.53
2024-09-26,5745.37,14.56,15.37,3.6
2024-09-27,5738.17,15.74,16.96,3.55
2024-09-30,5762.48,16.65,16.73,3.66
2024-10-01,5708.75,19.55,19.26,3.61
2024-10-02,5709.54,18.76,18.9,3.63
2024-10-03,5699.94,20.41,20.49,3.7
2024-10-04,5751.07,16.48,19.21,3.93
2024-10-07,5695.94,20.0,22.64,3.99
2024-10-08,5751.13,18.0,21.42,3.98
2024-10-09,5792.04,16.41,20.86,3.99
2024-10-10,5780.05,15.49,20.93,3.98
2024-10-11,5815.03,14.33,20.46,3.95
2024-10-14,5859.85,14.64,19.7,
2024-10-15,5815.26,14.88,20.64,3.95
2024-10-16,5842.47,14.25,19.58,3.93
2024-10-17,5841.47,13.85,19.11,3.96
2024-10-18,5864.67,12.38,18.03,3.95
2024-10-21,5853.98,14.39,18.37,4.02
2024-10-22,5851.2,14.55,18.2,4.03
2024-10-23,5797.42,16.49,19.24,4.07
2024-10-24,5809.86,16.67,19.08,4.07
2024-10-25,5808.12,18.49,20.33,4.11
2024-10-28,5823.52,21.17,19.8,4.12
2024-10-29,5832.92,21.77,19.34,4.11
2024-10-30,5813.67,23.59,20.35,4.15
2024-10-31,5705.45,26.05,23.16,4.16
2024-11-01,5728.8,23.47,21.88,4.21
2024-11-04,5712.69,25.77,21.98,4.17
2024-11-05,5782.76,24.7,20.49,4.19
2024-11-06,5929.04,15.85,16.27,4.27
2024-11-07,5973.1,13.84,15.2,4.21
2024-11-08,5995.54,13.09,14.94,4.26
2024-11-11,6001.35,14.0,14.97,
2024-11-12,5983.99,13.92,14.71,4.34
2024-11-13,5985.38,12.81,14.02,4.27
2024-11-14,5949.17,13.13,14.31,4.34
2024-11-15,5870.62,14.81,16.14,4.31
2024-11-18,5893.62,13.98,15.58,4.29
2024-11-19,5916.98,14.24,16.35,4.27
2024-11-20,5917.11,15.08,17.16,4.31
2024-11-21,5948.71,14.15,16.87,4.34
2024-11-22,5969.34,11.46,15.24,4.37
2024-11-25,5987.37,12.31,14.6,4.21
2024-11-26,6021.63,11.73,14.1,4.21
2024-11-27,5998.74,10.75,14.1,4.19
2024-11-28,,,13.9,
2024-11-29,6032.38,10.89,13.51,4.13
2024-12-02,6047.15,11.86,13.34,4.17
2024-12-03,6049.88,11.87,13.3,4.17
2024-12-04,6086.49,11.6,13.45,4.13
2024-12-05,6075.11,11.68,13.54,4.15
2024-12-06,6090.27,10.38,12.77,4.1
2024-12-09,6052.85,12.97,14.19,4.13
2024-12-10,6034.91,13.29,14.18,4.15
2024-12-11,6084.19,12.04,13.58,4.15
2024-12-12,6051.25,11.93,13.92,4.18
2024-12-13,6051.09,10.9,13.81,4.25
2024-12-16,6074.08,12.06,14.69,4.25
2024-12-17,6050.61,13.39,15.87,4.25
2024-12-18,5872.16,35.42,27.62,4.35
2024-12-19,5867.08,23.72,24.09,4.32
2024-12-20,5930.85,15.95,18.36,4.3
2024-12-23,5974.07,14.76,16.78,4.3
2024-12-24,6040.04,10.89,14.27,4.29
2024-12-25,,,,
2024-12-26,6037.59,11.63,14.73,4.3
2024-12-27,5970.84,13.31,15.95,4.31
2024-12-30,5906.94,15.81,17.4,4.24
2024-12-31,5881.63,15.15,17.35,4.25
2025-01-01,,,,
2025-01-02,5868.55,16.26,17.93,4.25
2025-01-03,5942.47,13.44,16.13,4.28
2025-01-06,5975.38,14.2,16.04,4.28
2025-01-07,5909.03,16.1,17.82,4.3
2025-01-08,5918.25,16.15,17.7,4.28
2025-01-09,,,18.07,4.27
2025-01-10,5827.04,17.83,19.54,4.4
2025-01-13,5836.22,18.7,19.19,4.4
2025-01-14,5842.91,18.15,18.71,4.37
2025-01-15,5949.91,13.94,16.12,4.27
2025-01-16,5937.34,14.88,16.6,4.23
2025-01-17,5996.66,14.13,15.97,4.27
2025-01-20,,,15.81,
2025-01-21,6049.24,14.31,15.06,4.29
2025-01-22,6086.37,13.57,15.1,4.29
2025-01-23,6118.71,13.42,15.02,4.29
2025-01-24,6101.24,12.88,14.85,4.27
2025-01-27,6012.28,18.45,17.9,4.17
2025-01-28,6067.7,16.64,16.41,4.19
2025-01-29,6039.31,16.41,16.56,4.21
2025-01-30,6071.17,14.98,15.84,4.18
2025-01-31,6040.53,15.85,16.43,4.22
2025-02-03,5994.57,19.38,18.62,4.26
2025-02-04,6037.88,17.0,17.21,4.21
2025-02-05,6061.48,14.88,15.77,4.17
2025-02-06,6083.57,14.15,15.5,4.21
2025-02-07,6025.99,14.67,16.54,4.29
2025-02-10,6066.44,13.76,15.81,4.28
2025-02-11,6068.5,13.83,16.02,4.29
2025-02-12,6051.97,13.51,15.89,4.36
2025-02-13,6115.07,12.31,15.1,4.31
2025-02-14,6114.63,11.56,14.77,4.26
2025-02-17,,,15.37,
2025-02-18,6129.58,13.2,15.35,4.29
2025-02-19,6144.15,13.06,15.27,4.28
2025-02-20,6117.52,13.46,15.66,4.28
2025-02-21,6013.13,17.0,18.21,4.19
2025-02-24,5983.25,18.3,18.98,4.13
2025-02-25,5955.25,19.29,19.43,4.07
2025-02-26,5956.06,18.88,19.1,4.05
2025-02-27,5861.57,20.95,21.13,4.07
2025-02-28,5954.5,18.88,19.63,3.99
2025-03-03,5849.72,23.96,22.78,3.96
2025-03-04,5778.15,24.79,23.51,3.96
2025-03-05,5842.63,22.9,21.93,3.99
2025-03-06,5738.52,26.79,24.87,3.96
2025-03-07,5770.2,23.79,23.37,3.99
2025-03-10,5614.56,31.19,27.86,3.89
2025-03-11,5572.07,28.93,26.92,3.94
2025-03-12,5599.3,25.26,24.23,4.01
2025-03-13,5521.52,25.36,24.66,3.94
2025-03-14,5638.94,21.77,21.77,4.02
2025-03-17,5675.12,21.3,20.51,4.06
2025-03-18,5614.66,22.59,21.7,4.04
2025-03-19,5675.29,19.79,19.9,3.99
2025-03-20,5662.89,19.46,19.8,3.95
2025-03-21,5667.56,18.58,19.28,3.94
2025-03-24,5767.57,18.56,17.48,4.04
2025-03-25,5776.65,18.01,17.15,3.96
2025-03-26,5712.2,19.96,18.33,3.98
2025-03-27,5693.31,20.03,18.69,3.97
2025-03-28,5580.94,22.69,21.65,3.89
2025-03-31,5611.85,25.14,22.28,3.89
2025-04-01,5633.07,24.46,21.77,3.87
2025-04-02,5670.97,24.29,21.51,3.91
2025-04-03,5396.52,34.1,30.02,3.71
2025-04-04,5074.08,57.17,45.31,3.68
2025-04-07,5062.25,62.58,46.98,3.73
2025-04-08,4982.77,67.63,52.33,3.71
2025-04-09,5456.9,40.06,33.62,3.91
2025-04-10,5268.05,50.43,40.72,3.84
2025-04-11,5363.36,43.32,37.56,3.96
2025-04-14,5405.97,34.2,30.89,3.84
2025-04-15,5396.63,29.94,30.12,3.84
2025-04-16,5275.7,33.22,32.64,3.77
2025-04-17,5282.7,27.65,29.65,3.81
2025-04-18,,,,
2025-04-21,5158.2,36.56,33.82,3.75
2025-04-22,5287.76,33.14,30.57,3.76
2025-04-23,5375.86,30.74,28.45,3.81
2025-04-24,5484.77,28.28,26.47,3.77
2025-04-25,5525.21,24.64,24.84,3.74
2025-04-28,5528.75,26.47,25.15,3.67
2025-04-29,5560.83,24.95,24.17,3.65
2025-04-30,5569.06,25.07,24.7,3.6
2025-05-01,5604.14,24.82,24.6,3.7
2025-05-02,5686.67,21.22,22.68,3.83
2025-05-05,5650.38,22.73,23.64,3.83
2025-05-06,5606.91,24.14,24.76,3.78
2025-05-07,5631.28,22.69,23.55,3.78
2025-05-08,5663.94,21.63,22.48,3.9
2025-05-09,5659.91,20.87,21.9,3.88
2025-05-12,5844.19,17.97,18.39,3.98
2025-05-13,5886.55,17.41,18.22,4.02
2025-05-14,5892.58,17.53,18.62,4.05
2025-05-15,5916.93,15.88,17.83,3.96
2025-05-16,5958.38,14.35,17.24,3.98
2025-05-19,5963.6,16.81,18.14,3.97
2025-05-20,5940.46,16.57,18.09,3.97
2025-05-21,5844.61,19.56,20.87,4.0
2025-05-22,5842.01,18.42,20.28,4.0
2025-05-23,5802.82,20.63,22.29,4.0
2025-05-26,,,20.57,
2025-05-27,5921.54,17.9,18.96,3.92
2025-05-28,5888.55,18.19,19.31,3.96
2025-05-29,5912.17,17.84,19.18,3.92
2025-05-30,5911.69,16.74,18.57,3.89
2025-06-02,5935.94,17.64,18.36,3.94
2025-06-03,5970.37,16.62,17.69,3.96
2025-06-04,5970.81,16.04,17.61,3.87
2025-06-05,5939.3,17.34,18.48,3.92
2025-06-06,6000.36,14.2,16.77,4.04
2025-06-09,6005.88,15.38,17.16,4.01
2025-06-10,6038.81,15.16,16.95,4.01
2025-06-11,6022.24,15.42,17.26,3.94
2025-06-12,6045.26,16.12,18.02,3.9
2025-06-13,5976.97,19.26,20.82,3.96
2025-06-16,6033.11,17.87,19.11,3.97
2025-06-17,5982.72,21.86,21.6,3.94
2025-06-18,5980.87,19.13,20.14,3.94
2025-06-19,,,22.17,
2025-06-20,5967.84,18.32,20.62,3.9
2025-06-23,6025.17,17.92,19.83,3.84
2025-06-24,6092.18,15.4,17.48,3.75
2025-06-25,6092.16,13.81,16.76,3.74
2025-06-26,6141.02,13.49,16.59,3.7
2025-06-27,6173.07,12.81,16.32,3.73
2025-06-30,6204.95,13.77,16.73,3.72
2025-07-01,6198.01,13.79,16.83,3.78
2025-07-02,6227.42,13.07,16.64,3.78
2025-07-03,6279.35,12.85,16.38,3.88
2025-07-04,,,17.48,
2025-07-07,6229.98,15.71,17.79,3.9
2025-07-08,6225.52,13.9,16.81,3.9
2025-07-09,6263.26,12.53,15.94,3.86
2025-07-10,6280.46,12.46,15.78,3.86
2025-07-11,6259.75,13.03,16.4,3.9
2025-07-14,6268.56,14.27,17.2,3.9
2025-07-15,6243.76,14.69,17.38,3.95
2025-07-16,6263.7,13.77,17.16,3.88
2025-07-17,6297.36,13.14,16.52,3.91
2025-07-18,6296.79,12.7,16.41,3.88
2025-07-21,6305.6,14.95,16.65,3.85
2025-07-22,6309.62,15.03,16.5,3.83
2025-07-23,6358.91,14.05,15.37,3.88
2025-07-24,6363.35,14.08,15.39,3.91
2025-07-25,6388.64,12.83,14.93,3.91
2025-07-28,6389.77,13.37,15.03,3.91
2025-07-29,6370.86,14.62,15.98,3.86
2025-07-30,6362.9,13.46,15.48,3.94
2025-07-31,6339.39,15.15,16.72,3.94
2025-08-01,6238.01,19.53,20.38,3.69
2025-08-04,6329.94,16.43,17.52,3.69
2025-08-05,6299.19,16.81,17.85,3.72
2025-08-06,6345.06,15.0,16.77,3.69
2025-08-07,6340.0,14.76,16.57,3.72
2025-08-08,6389.45,12.86,15.15,3.76
2025-08-11,6373.45,15.75,16.25,3.76
2025-08-12,6445.76,13.11,14.73,3.72
2025-08-13,6466.58,12.38,14.49,3.67
2025-08-14,6468.54,12.98,14.83,3.74
2025-08-15,6449.8,13.27,15.09,3.75
2025-08-18,6449.15,13.79,14.99,3.77
2025-08-19,6411.37,14.7,15.57,3.75
2025-08-20,6395.78,15.09,15.69,3.74
2025-08-21,6370.17,16.37,16.6,3.79
2025-08-22,6466.91,11.85,14.22,3.68
2025-08-25,6439.32,13.01,14.79,3.73
2025-08-26,6465.94,12.91,14.62,3.61
2025-08-27,6481.4,13.27,14.85,3.59
2025-08-28,6501.86,11.68,14.43,3.62
2025-08-29,6460.26,12.72,15.36,3.59
2025-09-01,,,16.12,
2025-09-02,6415.54,16.17,17.17,3.66
2025-09-03,6448.26,14.45,16.35,3.61
2025-09-04,6502.08,13.32,15.3,3.59
2025-09-05,6481.5,12.66,15.18,3.51
2025-09-08,6495.15,13.5,15.11,3.49
2025-09-09,6512.61,13.61,15.04,3.54
2025-09-10,6532.04,14.29,15.35,3.54
2025-09-11,6587.47,12.99,14.71,3.52
2025-09-12,6584.29,12.85,14.76,3.56
2025-09-15,6615.28,14.71,15.69,3.54
2025-09-16,6606.76,15.79,16.36,3.51
2025-09-17,6600.35,14.53,15.72,3.52
2025-09-18,6631.96,13.53,15.7,3.57
2025-09-19,6664.36,12.41,15.45,3.57
2025-09-22,6693.75,14.25,16.1,3.61
2025-09-23,6656.92,14.67,16.64,3.53
2025-09-24,6637.97,13.39,16.18,3.57
2025-09-25,6604.72,14.17,16.74,3.64
2025-09-26,6643.7,12.27,15.29,3.63
2025-09-29,6661.21,13.51,16.12,3.63
2025-09-30,6688.46,13.95,16.28,3.6
2025-10-01,6711.2,13.53,16.29,3.55
2025-10-02,6715.35,13.79,16.63,3.55
2025-10-03,6715.79,13.47,16.65,3.58
2025-10-06,6740.28,13.57,16.37,3.6
2025-10-07,6714.59,14.99,17.24,3.57
2025-10-08,6753.72,13.17,16.3,3.58
2025-10-09,6735.11,13.92,16.43,3.6
2025-10-10,6552.51,21.7,21.66,3.52
2025-10-13,6654.72,18.02,19.03,
2025-10-14,6644.31,20.38,20.81,3.48
2025-10-15,6671.06,19.28,20.64,3.5
2025-10-16,6629.07,25.87,25.31,3.41
2025-10-17,6664.01,19.8,20.78,3.46
2025-10-20,6735.13,17.35,18.23,3.46
2025-10-21,6735.35,16.88,17.87,3.45
2025-10-22,6699.4,18.35,18.6,3.45
2025-10-23,6738.44,16.62,17.3,3.48
2025-10-24,6791.69,14.85,16.37,3.48
2025-10-27,6875.16,14.64,15.79,3.48
2025-10-28,6890.89,15.63,16.42,3.47
2025-10-29,6890.59,15.61,16.92,3.59
2025-10-30,6822.34,14.9,16.91,3.61
2025-10-31,6840.2,14.71,17.44,3.6
2025-11-03,6851.97,14.97,17.17,3.6
2025-11-04,6771.55,17.75,19.0,3.58
2025-11-05,6796.29,15.87,18.01,3.63
2025-11-06,6720.32,18.12,19.5,3.57
2025-11-07,6728.8,17.31,19.08,3.55
2025-11-10,6832.43,16.04,17.6,3.58
2025-11-11,6846.61,15.18,17.28,
2025-11-12,6850.92,15.37,17.51,3.56
2025-11-13,6737.49,19.17,20.0,3.58
2025-11-14,6734.11,18.61,19.83,3.62
2025-11-17,6672.41,22.33,22.38,3.6
2025-11-18,6617.32,25.18,24.69,3.58
2025-11-19,6642.16,23.1,23.66,3.58
2025-11-20,6538.76,26.35,26.42,3.55
2025-11-21,6602.99,21.51,23.43,3.51
2025-11-24,6705.12,18.55,20.52,3.46
2025-11-25,6765.88,15.39,18.56,3.43
2025-11-26,6812.61,13.33,17.19,3.45
2025-11-27,,,17.21,
2025-11-28,6849.09,13.61,16.35,3.47
2025-12-01,6812.63,16.55,17.24,3.54
2025-12-02,6829.37,15.42,16.59,3.51
2025-12-03,6849.72,14.46,16.08,3.49
2025-12-04,6857.12,14.3,15.78,3.52
2025-12-05,6870.4,13.9,15.41,3.56
2025-12-08,6846.51,16.29,16.66,3.57
2025-12-09,6840.51,16.3,16.93,3.61
2025-12-10,6886.68,14.68,15.77,3.54
2025-12-11,6901.0,12.46,14.85,3.52
2025-12-12,6827.41,13.48,15.74,3.52
2025-12-15,6816.51,14.2,16.5,3.51
2025-12-16,6800.26,13.88,16.48,3.48
2025-12-17,6721.43,15.75,17.62,3.49
2025-12-18,6774.76,13.92,16.87,3.46
2025-12-19,6834.5,10.49,14.91,3.48
2025-12-22,6878.49,10.5,14.08,3.44
2025-12-23,6909.79,10.06,14.0,3.48
2025-12-24,6932.05,9.17,13.47,3.47
2025-12-25,,,,
2025-12-26,6929.94,9.65,13.6,3.46
2025-12-29,6905.74,11.37,14.2,3.45
2025-12-30,6896.24,11.46,14.33,3.45
2025-12-31,6845.5,12.0,14.95,3.47
2026-01-01,,,,
2026-01-02,6858.47,11.72,14.51,3.47
2026-01-05,6902.05,12.44,14.9,3.46
2026-01-06,6944.82,12.13,14.75,3.47
2026-01-07,6920.93,12.54,15.38,3.47
2026-01-08,6921.46,12.83,15.45,3.49
2026-01-09,6966.28,10.86,14.49,3.54
2026-01-12,6977.27,11.94,15.12,3.54
2026-01-13,6963.74,12.51,15.98,3.53
2026-01-14,6926.6,13.18,16.75,3.51
2026-01-15,6944.47,12.32,15.84,3.56
2026-01-16,6940.01,12.09,15.86,3.59
2026-01-19,,,18.84,
2026-01-20,6796.86,19.93,20.09,3.6
2026-01-21,6875.62,15.88,16.9,3.6
2026-01-22,6913.35,14.38,15.64,3.61
2026-01-23,6915.61,15.0,16.09,3.6
2026-01-26,6950.23,15.05,16.15,3.56
2026-01-27,6978.6,14.85,16.35,3.53
2026-01-28,6978.03,14.54,16.35,3.56
2026-01-29,6969.01,15.22,16.88,3.53
2026-01-30,6939.03,15.69,17.44,3.52
2026-02-02,6976.44,14.45,16.34,3.57
2026-02-03,6917.81,17.07,18.0,3.57
2026-02-04,6882.72,18.67,18.64,3.57
2026-02-05,6798.4,22.29,21.77,3.47
2026-02-06,6932.3,15.43,17.76,3.5
2026-02-09,6964.82,14.75,17.36,3.48
2026-02-10,6941.81,14.94,17.79,3.45
2026-02-11,6941.47,14.18,17.65,3.52
2026-02-12,6832.76,19.8,20.82,3.47
2026-02-13,6836.17,18.77,20.6,3.4
2026-02-16,,,21.2,
2026-02-17,6843.22,20.31,20.29,3.43
2026-02-18,6881.31,19.08,19.62,3.47
2026-02-19,6861.89,19.87,20.23,3.47
2026-02-20,6909.51,18.02,19.09,3.48
2026-02-23,6837.75,21.11,21.01,3.43
2026-02-24,6890.07,18.6,19.55,3.43
2026-02-25,6946.13,16.28,17.93,3.45
2026-02-26,6908.86,16.65,18.63,3.42
2026-02-27,6878.88,18.59,19.86,3.38
2026-03-02,6881.62,21.18,21.44,3.47
2026-03-03,6816.63,24.55,23.57,3.51
2026-03-04,6869.5,20.6,21.15,3.54
2026-03-05,6830.71,23.55,23.75,3.57
2026-03-06,6740.02,30.44,29.49,3.56
2026-03-09,6795.99,27.85,25.5,3.56
2026-03-10,6781.48,25.54,24.93,3.57
2026-03-11,6775.8,24.44,24.23,3.64
2026-03-12,6672.62,28.98,27.29,3.76
2026-03-13,6632.19,28.0,27.19,3.73
2026-03-16,6699.38,24.33,23.51,3.68
2026-03-17,6716.09,22.36,22.37,3.68
2026-03-18,6624.7,26.03,25.09,3.76
2026-03-19,6606.49,24.09,24.06,3.79
2026-03-20,6506.48,26.95,26.78,3.88
2026-03-23,6581.0,27.76,26.15,3.83
2026-03-24,6556.37,28.21,26.95,3.9
2026-03-25,6591.9,25.26,25.33,3.84
2026-03-26,6477.16,27.05,27.44,3.96
2026-03-27,6368.85,30.64,31.05,3.88
2026-03-30,6343.72,30.57,30.61,3.82
2026-03-31,6528.52,24.18,25.25,3.79
2026-04-01,6575.32,23.61,24.54,3.81
2026-04-02,6582.69,21.71,23.87,3.79
2026-04-03,,,,3.84
2026-04-06,6611.83,23.9,24.17,3.84
2026-04-07,6616.85,27.27,25.78,3.81
2026-04-08,6782.81,19.16,21.04,3.79
2026-04-09,6824.66,16.81,19.49,3.78
2026-04-10,6816.89,16.36,19.23,3.81
2026-04-13,6886.24,17.33,19.12,3.78
2026-04-14,6967.38,16.7,18.36,3.76
2026-04-15,7022.95,16.01,18.17,3.76
2026-04-16,7041.28,15.46,17.94,3.78
2026-04-17,7126.06,14.81,17.48,3.71
2026-04-20,7109.14,17.79,18.87,3.72
2026-04-21,7064.01,18.68,19.5,3.78
2026-04-22,7137.9,17.29,18.92,3.79
2026-04-23,7108.4,18.04,19.31,3.83
2026-04-24,7165.08,16.71,18.71,3.78
2026-04-27,7173.91,16.69,18.02,3.78
2026-04-28,7138.8,16.69,17.83,3.84
2026-04-29,7135.95,17.61,18.81,3.92
2026-04-30,7209.01,14.37,16.89,3.88
2026-05-01,7230.12,14.15,16.99,3.88
2026-05-04,7200.75,16.6,18.29,3.95
2026-05-05,7259.22,14.64,17.38,3.93
2026-05-06,7365.12,14.76,17.39,3.87
2026-05-07,7337.11,14.56,17.08,3.92
2026-05-08,7398.93,14.21,17.19,3.9
2026-05-11,7412.84,16.89,18.38,3.95
2026-05-12,7400.96,16.34,17.99,4.0
2026-05-13,7444.25,15.87,17.87,3.98
2026-05-14,7501.24,15.14,17.26,4.0
2026-05-15,7408.5,16.37,18.43,4.09
2026-05-18,7403.05,16.86,17.82,4.07
2026-05-19,7353.61,16.64,18.06,4.13
2026-05-20,7432.97,15.14,17.44,4.04
2026-05-21,7445.72,14.08,16.76,4.08
2026-05-22,7473.47,14.07,16.7,4.13
2026-05-25,,,16.59,
2026-05-26,7519.12,14.84,17.01,4.01
2026-05-27,7520.36,13.27,16.29,4.0
2026-05-28,7563.63,12.98,15.74,3.99
2026-05-29,7580.06,12.59,15.32,3.98
2026-06-01,7599.96,13.76,16.05,4.05
2026-06-02,7609.78,13.19,15.77,4.05
2026-06-03,7553.68,13.41,16.06,4.08
2026-06-04,7584.31,12.65,15.4,4.05
2026-06-05,7383.74,23.92,21.51,4.17
2026-06-08,7405.73,19.69,18.92,4.15
2026-06-09,7386.65,22.14,19.87,4.13
2026-06-10,7266.99,25.67,22.22,4.13
2026-06-11,7394.3,20.66,19.44,4.05
2026-06-12,7431.46,17.26,17.68,4.09
2026-06-15,7554.29,15.58,16.2,4.07
2026-06-16,7511.35,15.77,16.41,4.05
2026-06-17,7420.1,18.63,18.44,4.2
2026-06-18,7500.58,13.93,16.4,4.19
2026-06-19,,,16.78,
2026-06-22,7472.79,16.29,17.28,4.24
2026-06-23,7365.46,19.47,19.49,4.16
2026-06-24,7358.22,18.07,18.63,4.11
2026-06-25,7357.49,17.92,18.89,4.09
2026-06-26,7354.02,16.8,18.41,4.07
2026-06-29,7440.43,15.51,17.65,4.1
2026-06-30,7499.36,13.73,16.45,4.14
2026-07-01,7483.23,13.14,16.59,4.17
2026-07-02,7483.24,12.37,16.15,4.14
2026-07-03,,,15.81,
2026-07-06,7537.43,12.32,15.57,4.13
2026-07-07,7503.85,13.42,16.13,4.19
2026-07-08,7482.71,14.41,16.9,4.21
2026-07-09,7543.64,12.5,15.84,4.16
2026-07-10,7575.39,11.15,15.03,4.21
2026-07-13,7515.34,15.13,17.16,4.26
2026-07-14,7543.59,13.46,16.5,4.18
2026-07-15,7572.4,12.06,15.67,4.13
2026-07-16,7533.77,13.98,16.73,4.16
2026-07-17,7457.69,16.85,18.77,4.18
2026-07-20,7443.28,17.78,18.65,4.21
2026-07-21,7509.2,15.48,17.05,4.26
2026-07-22,7498.96,14.88,16.64,4.31
2026-07-23,7408.3,18.15,18.7,4.37
2026-07-24,7411.98,17.62,18.58,4.33
2026-07-27,7413.18,18.13,18.67,4.31
2026-07-28,7428.78,17.25,18.21,4.26
2026-07-29,7316.15,20.38,20.66,4.22
2026-07-30,7437.63,14.85,17.09,4.23
2026-07-31,7489.72,13.05,15.99,4.28
2026-08-03,7600.5,13.28,15.86,4.25
2026-08-04,7736.52,15.04,16.5,4.2
2026-08-05,7723.55,13.79,15.81,4.18
2026-08-06,7709.96,12.66,15.15,4.25
2026-08-07,7757.64,11.96,14.9,4.19
2026-08-10,7753.11,12.77,15.46,4.25
2026-08-11,7728.2,12.52,15.28,4.22
2026-08-12,7748.5,11.09,14.55,4.2
2026-08-13,7798.99,11.37,14.63,4.15
2026-08-14,7785.76,10.61,14.25,4.17
2026-08-17,7745.06,12.39,15.19,4.19
2026-08-18,7691.76,13.59,15.84,4.19
2026-08-19,7707.98,12.66,14.89,4.19
2026-08-20,7641.16,14.39,16.01,4.19
2026-08-21,7674.37,12.58,15.13,4.24
2026-08-24,7652.86,14.07,15.85,4.24
2026-08-25,7677.28,13.45,15.45,4.17
2026-08-26,7675.7,13.33,15.21,4.19
2026-08-27,7730.99,12.1,14.51,4.2
2026-08-28,7711.76,11.22,14.43,4.34
