date,DFEDTARL,DFEDTARU,DGS2,DCOILBRENTEU
2025-06-01,4.25,4.5,,
2025-06-02,4.25,4.5,3.94,66.55
2025-06-03,4.25,4.5,3.96,67.48
2025-06-04,4.25,4.5,3.87,66.69
2025-06-05,4.25,4.5,3.92,67.14
2025-06-06,4.25,4.5,4.04,68.02
2025-06-07,4.25,4.5,,
2025-06-08,4.25,4.5,,
2025-06-09,4.25,4.5,4.01,68.73
2025-06-10,4.25,4.5,4.01,68.41
2025-06-11,4.25,4.5,3.94,71.29
2025-06-12,4.25,4.5,3.9,70.84
2025-06-13,4.25,4.5,3.96,76.0
2025-06-14,4.25,4.5,,
2025-06-15,4.25,4.5,,
2025-06-16,4.25,4.5,3.97,75.05
2025-06-17,4.25,4.5,3.94,78.7
2025-06-18,4.25,4.5,3.94,78.38
2025-06-19,4.25,4.5,,80.37
2025-06-20,4.25,4.5,3.9,78.73
2025-06-21,4.25,4.5,,
2025-06-22,4.25,4.5,,
2025-06-23,4.25,4.5,3.84,74.34
2025-06-24,4.25,4.5,3.75,69.13
2025-06-25,4.25,4.5,3.74,68.4
2025-06-26,4.25,4.5,3.7,68.57
2025-06-27,4.25,4.5,3.73,69.37
2025-06-28,4.25,4.5,,
2025-06-29,4.25,4.5,,
2025-06-30,4.25,4.5,3.72,68.15
2025-07-01,4.25,4.5,3.78,67.63
2025-07-02,4.25,4.5,3.78,70.8
2025-07-03,4.25,4.5,3.88,70.42
2025-07-04,4.25,4.5,,71.03
2025-07-05,4.25,4.5,,
2025-07-06,4.25,4.5,,
2025-07-07,4.25,4.5,3.9,71.95
2025-07-08,4.25,4.5,3.9,72.5
2025-07-09,4.25,4.5,3.86,71.98
2025-07-10,4.25,4.5,3.86,70.38
2025-07-11,4.25,4.5,3.9,72.06
2025-07-12,4.25,4.5,,
2025-07-13,4.25,4.5,,
2025-07-14,4.25,4.5,3.9,70.96
2025-07-15,4.25,4.5,3.95,70.27
2025-07-16,4.25,4.5,3.88,69.67
2025-07-17,4.25,4.5,3.91,71.32
2025-07-18,4.25,4.5,3.88,71.06
2025-07-19,4.25,4.5,,
2025-07-20,4.25,4.5,,
2025-07-21,4.25,4.5,3.85,71.92
2025-07-22,4.25,4.5,3.83,69.69
2025-07-23,4.25,4.5,3.88,69.17
2025-07-24,4.25,4.5,3.91,70.42
2025-07-25,4.25,4.5,3.91,69.23
2025-07-26,4.25,4.5,,
2025-07-27,4.25,4.5,,
2025-07-28,4.25,4.5,3.91,70.87
2025-07-29,4.25,4.5,3.86,73.21
2025-07-30,4.25,4.5,3.94,73.98
2025-07-31,4.25,4.5,3.94,73.43
2025-08-01,4.25,4.5,3.69,70.55
2025-08-02,4.25,4.5,,
2025-08-03,4.25,4.5,,
2025-08-04,4.25,4.5,3.69,69.56
2025-08-05,4.25,4.5,3.72,69.14
2025-08-06,4.25,4.5,3.69,67.97
2025-08-07,4.25,4.5,3.72,66.99
2025-08-08,4.25,4.5,3.76,67.17
2025-08-09,4.25,4.5,,
2025-08-10,4.25,4.5,,
2025-08-11,4.25,4.5,3.76,67.36
2025-08-12,4.25,4.5,3.72,66.8
2025-08-13,4.25,4.5,3.67,66.25
2025-08-14,4.25,4.5,3.74,68.12
2025-08-15,4.25,4.5,3.75,67.3
2025-08-16,4.25,4.5,,
2025-08-17,4.25,4.5,,
2025-08-18,4.25,4.5,3.77,68.18
2025-08-19,4.25,4.5,3.75,66.62
2025-08-20,4.25,4.5,3.74,67.61
2025-08-21,4.25,4.5,3.79,68.41
2025-08-22,4.25,4.5,3.68,68.29
2025-08-23,4.25,4.5,,
2025-08-24,4.25,4.5,,
2025-08-25,4.25,4.5,3.73,
2025-08-26,4.25,4.5,3.61,66.89
2025-08-27,4.25,4.5,3.59,67.75
2025-08-28,4.25,4.5,3.62,68.61
2025-08-29,4.25,4.5,3.59,67.83
2025-08-30,4.25,4.5,,
2025-08-31,4.25,4.5,,
2025-09-01,4.25,4.5,,67.09
2025-09-02,4.25,4.5,3.66,68.09
2025-09-03,4.25,4.5,3.61,67.76
2025-09-04,4.25,4.5,3.59,66.41
2025-09-05,4.25,4.5,3.51,64.92
2025-09-06,4.25,4.5,,
2025-09-07,4.25,4.5,,
2025-09-08,4.25,4.5,3.49,65.44
2025-09-09,4.25,4.5,3.54,67.97
2025-09-10,4.25,4.5,3.54,67.62
2025-09-11,4.25,4.5,3.52,67.25
2025-09-12,4.25,4.5,3.56,67.87
2025-09-13,4.25,4.5,,
2025-09-14,4.25,4.5,,
2025-09-15,4.25,4.5,3.54,67.88
2025-09-16,4.25,4.5,3.51,69.69
2025-09-17,4.25,4.5,3.52,69.19
2025-09-18,4.0,4.25,3.57,67.83
2025-09-19,4.0,4.25,3.57,67.05
2025-09-20,4.0,4.25,,
2025-09-21,4.0,4.25,,
2025-09-22,4.0,4.25,3.61,66.87
2025-09-23,4.0,4.25,3.53,67.96
2025-09-24,4.0,4.25,3.57,69.64
2025-09-25,4.0,4.25,3.64,70.48
2025-09-26,4.0,4.25,3.63,71.15
2025-09-27,4.0,4.25,,
2025-09-28,4.0,4.25,,
2025-09-29,4.0,4.25,3.63,69.0
2025-09-30,4.0,4.25,3.6,68.52
2025-10-01,4.0,4.25,3.55,66.67
2025-10-02,4.0,4.25,3.55,65.44
2025-10-03,4.0,4.25,3.58,66.13
2025-10-04,4.0,4.25,,
2025-10-05,4.0,4.25,,
2025-10-06,4.0,4.25,3.6,67.09
2025-10-07,4.0,4.25,3.57,67.1
2025-10-08,4.0,4.25,3.58,67.42
2025-10-09,4.0,4.25,3.6,67.23
2025-10-10,4.0,4.25,3.52,64.41
2025-10-11,4.0,4.25,,
2025-10-12,4.0,4.25,,
2025-10-13,4.0,4.25,,64.15
2025-10-14,4.0,4.25,3.48,63.0
2025-10-15,4.0,4.25,3.5,62.33
2025-10-16,4.0,4.25,3.41,61.08
2025-10-17,4.0,4.25,3.46,61.23
2025-10-18,4.0,4.25,,
2025-10-19,4.0,4.25,,
2025-10-20,4.0,4.25,3.46,60.71
2025-10-21,4.0,4.25,3.45,61.0
2025-10-22,4.0,4.25,3.45,62.28
2025-10-23,4.0,4.25,3.48,66.32
2025-10-24,4.0,4.25,3.48,65.8
2025-10-25,4.0,4.25,,
2025-10-26,4.0,4.25,,
2025-10-27,4.0,4.25,3.48,65.52
2025-10-28,4.0,4.25,3.47,64.03
2025-10-29,4.0,4.25,3.59,65.01
2025-10-30,3.75,4.0,3.61,65.11
2025-10-31,3.75,4.0,3.6,65.44
2025-11-01,3.75,4.0,,
2025-11-02,3.75,4.0,,
2025-11-03,3.75,4.0,3.6,65.79
2025-11-04,3.75,4.0,3.58,65.04
2025-11-05,3.75,4.0,3.63,63.54
2025-11-06,3.75,4.0,3.57,63.41
2025-11-07,3.75,4.0,3.55,63.72
2025-11-08,3.75,4.0,,
2025-11-09,3.75,4.0,,
2025-11-10,3.75,4.0,3.58,63.01
2025-11-11,3.75,4.0,,63.86
2025-11-12,3.75,4.0,3.56,61.88
2025-11-13,3.75,4.0,3.58,62.14
2025-11-14,3.75,4.0,3.62,63.45
2025-11-15,3.75,4.0,,
2025-11-16,3.75,4.0,,
2025-11-17,3.75,4.0,3.6,63.16
2025-11-18,3.75,4.0,3.58,64.86
2025-11-19,3.75,4.0,3.58,63.78
2025-11-20,3.75,4.0,3.55,63.64
2025-11-21,3.75,4.0,3.51,62.78
2025-11-22,3.75,4.0,,
2025-11-23,3.75,4.0,,
2025-11-24,3.75,4.0,3.46,64.83
2025-11-25,3.75,4.0,3.43,63.99
2025-11-26,3.75,4.0,3.45,64.81
2025-11-27,3.75,4.0,,64.18
2025-11-28,3.75,4.0,3.47,64.07
2025-11-29,3.75,4.0,,
2025-11-30,3.75,4.0,,
2025-12-01,3.75,4.0,3.54,64.22
2025-12-02,3.75,4.0,3.51,63.37
2025-12-03,3.75,4.0,3.49,63.75
2025-12-04,3.75,4.0,3.52,64.15
2025-12-05,3.75,4.0,3.56,64.42
2025-12-06,3.75,4.0,,
2025-12-07,3.75,4.0,,
2025-12-08,3.75,4.0,3.57,63.3
2025-12-09,3.75,4.0,3.61,62.62
2025-12-10,3.75,4.0,3.54,63.12
2025-12-11,3.5,3.75,3.52,61.87
2025-12-12,3.5,3.75,3.52,62.11
2025-12-13,3.5,3.75,,
2025-12-14,3.5,3.75,,
2025-12-15,3.5,3.75,3.51,61.55
2025-12-16,3.5,3.75,3.48,59.93
2025-12-17,3.5,3.75,3.49,60.61
2025-12-18,3.5,3.75,3.46,60.69
2025-12-19,3.5,3.75,3.48,61.35
2025-12-20,3.5,3.75,,
2025-12-21,3.5,3.75,,
2025-12-22,3.5,3.75,3.44,62.22
2025-12-23,3.5,3.75,3.48,63.7
2025-12-24,3.5,3.75,3.47,63.7
2025-12-25,3.5,3.75,,
2025-12-26,3.5,3.75,3.46,
2025-12-27,3.5,3.75,,
2025-12-28,3.5,3.75,,
2025-12-29,3.5,3.75,3.45,63.1
2025-12-30,3.5,3.75,3.45,62.3
2025-12-31,3.5,3.75,3.47,61.35
2026-01-01,3.5,3.75,,
2026-01-02,3.5,3.75,3.47,61.98
2026-01-03,3.5,3.75,,
2026-01-04,3.5,3.75,,
2026-01-05,3.5,3.75,3.46,63.0
2026-01-06,3.5,3.75,3.47,62.1
2026-01-07,3.5,3.75,3.47,61.08
2026-01-08,3.5,3.75,3.49,63.34
2026-01-09,3.5,3.75,3.54,65.11
2026-01-10,3.5,3.75,,
2026-01-11,3.5,3.75,,
2026-01-12,3.5,3.75,3.54,65.4
2026-01-13,3.5,3.75,3.53,67.58
2026-01-14,3.5,3.75,3.51,68.87
2026-01-15,3.5,3.75,3.56,66.16
2026-01-16,3.5,3.75,3.59,66.97
2026-01-17,3.5,3.75,,
2026-01-18,3.5,3.75,,
2026-01-19,3.5,3.75,,66.91
2026-01-20,3.5,3.75,3.6,67.68
2026-01-21,3.5,3.75,3.6,66.72
2026-01-22,3.5,3.75,3.61,65.46
2026-01-23,3.5,3.75,3.6,68.16
2026-01-24,3.5,3.75,,
2026-01-25,3.5,3.75,,
2026-01-26,3.5,3.75,3.56,67.7
2026-01-27,3.5,3.75,3.53,70.28
2026-01-28,3.5,3.75,3.56,70.9
2026-01-29,3.5,3.75,3.53,71.0
2026-01-30,3.5,3.75,3.52,72.25
2026-01-31,3.5,3.75,,
2026-02-01,3.5,3.75,,
2026-02-02,3.5,3.75,3.57,67.72
2026-02-03,3.5,3.75,3.57,70.01
2026-02-04,3.5,3.75,3.57,71.15
2026-02-05,3.5,3.75,3.47,69.87
2026-02-06,3.5,3.75,3.5,70.45
2026-02-07,3.5,3.75,,
2026-02-08,3.5,3.75,,
2026-02-09,3.5,3.75,3.48,71.19
2026-02-10,3.5,3.75,3.45,71.01
2026-02-11,3.5,3.75,3.52,71.52
2026-02-12,3.5,3.75,3.47,69.8
2026-02-13,3.5,3.75,3.4,69.96
2026-02-14,3.5,3.75,,
2026-02-15,3.5,3.75,,
2026-02-16,3.5,3.75,,70.81
2026-02-17,3.5,3.75,3.43,69.77
2026-02-18,3.5,3.75,3.47,71.78
2026-02-19,3.5,3.75,3.47,73.17
2026-02-20,3.5,3.75,3.48,72.75
2026-02-21,3.5,3.75,,
2026-02-22,3.5,3.75,,
2026-02-23,3.5,3.75,3.43,71.9
2026-02-24,3.5,3.75,3.43,71.21
2026-02-25,3.5,3.75,3.45,70.69
2026-02-26,3.5,3.75,3.42,71.66
2026-02-27,3.5,3.75,3.38,71.32
2026-02-28,3.5,3.75,,
2026-03-01,3.5,3.75,,
2026-03-02,3.5,3.75,3.47,77.24
2026-03-03,3.5,3.75,3.51,83.28
2026-03-04,3.5,3.75,3.54,81.56
2026-03-05,3.5,3.75,3.57,88.59
2026-03-06,3.5,3.75,3.56,95.74
2026-03-07,3.5,3.75,,
2026-03-08,3.5,3.75,,
2026-03-09,3.5,3.75,3.56,94.35
2026-03-10,3.5,3.75,3.57,89.84
2026-03-11,3.5,3.75,3.64,90.98
2026-03-12,3.5,3.75,3.76,102.38
2026-03-13,3.5,3.75,3.73,103.23
2026-03-14,3.5,3.75,,
2026-03-15,3.5,3.75,,
2026-03-16,3.5,3.75,3.68,101.04
2026-03-17,3.5,3.75,3.68,108.39
2026-03-18,3.5,3.75,3.76,118.09
2026-03-19,3.5,3.75,3.79,111.05
2026-03-20,3.5,3.75,3.88,118.42
2026-03-21,3.5,3.75,,
2026-03-22,3.5,3.75,,
2026-03-23,3.5,3.75,3.83,103.79
2026-03-24,3.5,3.75,3.9,108.42
2026-03-25,3.5,3.75,3.84,109.14
2026-03-26,3.5,3.75,3.96,113.39
2026-03-27,3.5,3.75,3.88,121.47
2026-03-28,3.5,3.75,,
2026-03-29,3.5,3.75,,
2026-03-30,3.5,3.75,3.82,121.88
2026-03-31,3.5,3.75,3.79,126.69
2026-04-01,3.5,3.75,3.81,119.56
2026-04-02,3.5,3.75,3.79,127.61
2026-04-03,3.5,3.75,3.84,
2026-04-04,3.5,3.75,,
2026-04-05,3.5,3.75,,
2026-04-06,3.5,3.75,3.84,
2026-04-07,3.5,3.75,3.81,138.21
2026-04-08,3.5,3.75,3.79,122.11
2026-04-09,3.5,3.75,3.78,119.03
2026-04-10,3.5,3.75,3.81,119.07
2026-04-11,3.5,3.75,,
2026-04-12,3.5,3.75,,
2026-04-13,3.5,3.75,3.78,123.28
2026-04-14,3.5,3.75,3.76,118.69
2026-04-15,3.5,3.75,3.76,114.93
2026-04-16,3.5,3.75,3.78,116.63
2026-04-17,3.5,3.75,3.71,98.63
2026-04-18,3.5,3.75,,
2026-04-19,3.5,3.75,,
2026-04-20,3.5,3.75,3.72,103.4
2026-04-21,3.5,3.75,3.78,106.14
2026-04-22,3.5,3.75,3.79,113.44
2026-04-23,3.5,3.75,3.83,113.25
2026-04-24,3.5,3.75,3.78,111.86
2026-04-25,3.5,3.75,,
2026-04-26,3.5,3.75,,
2026-04-27,3.5,3.75,3.78,113.89
2026-04-28,3.5,3.75,3.84,117.62
2026-04-29,3.5,3.75,3.92,124.16
2026-04-30,3.5,3.75,3.88,124.24
2026-05-01,3.5,3.75,3.88,118.26
2026-05-02,3.5,3.75,,
2026-05-03,3.5,3.75,,
2026-05-04,3.5,3.75,3.95,
2026-05-05,3.5,3.75,3.93,114.51
2026-05-06,3.5,3.75,3.87,103.7
2026-05-07,3.5,3.75,3.92,101.82
2026-05-08,3.5,3.75,3.9,103.48
2026-05-09,3.5,3.75,,
2026-05-10,3.5,3.75,,
2026-05-11,3.5,3.75,3.95,106.11
2026-05-12,3.5,3.75,4.0,111.37
2026-05-13,3.5,3.75,3.98,110.28
2026-05-14,3.5,3.75,4.0,110.91
2026-05-15,3.5,3.75,4.09,113.96
2026-05-16,3.5,3.75,,
2026-05-17,3.5,3.75,,
2026-05-18,3.5,3.75,4.07,116.73
2026-05-19,3.5,3.75,4.13,114.64
2026-05-20,3.5,3.75,4.04,108.93
2026-05-21,3.5,3.75,4.08,105.84
2026-05-22,3.5,3.75,4.13,106.9
2026-05-23,3.5,3.75,,
2026-05-24,3.5,3.75,,
2026-05-25,3.5,3.75,,
2026-05-26,3.5,3.75,4.01,102.75
2026-05-27,3.5,3.75,4.0,97.11
2026-05-28,3.5,3.75,3.99,95.47
2026-05-29,3.5,3.75,3.98,92.88
2026-05-30,3.5,3.75,,
2026-05-31,3.5,3.75,,
2026-06-01,3.5,3.75,4.05,98.29
2026-06-02,3.5,3.75,4.05,98.49
2026-06-03,3.5,3.75,4.08,101.69
2026-06-04,3.5,3.75,4.05,98.98
2026-06-05,3.5,3.75,4.17,97.29
2026-06-06,3.5,3.75,,
2026-06-07,3.5,3.75,,
2026-06-08,3.5,3.75,4.15,97.46
2026-06-09,3.5,3.75,4.13,94.15
2026-06-10,3.5,3.75,4.13,95.73
2026-06-11,3.5,3.75,4.05,92.84
2026-06-12,3.5,3.75,4.09,88.64
2026-06-13,3.5,3.75,,
2026-06-14,3.5,3.75,,
2026-06-15,3.5,3.75,4.07,84.36
2026-06-16,3.5,3.75,4.05,80.5
2026-06-17,3.5,3.75,4.2,80.33
2026-06-18,3.5,3.75,4.19,79.35
2026-06-19,3.5,3.75,,80.46
2026-06-20,3.5,3.75,,
2026-06-21,3.5,3.75,,
2026-06-22,3.5,3.75,4.24,76.49
2026-06-23,3.5,3.75,4.16,75.69
2026-06-24,3.5,3.75,4.11,72.09
2026-06-25,3.5,3.75,4.09,73.74
2026-06-26,3.5,3.75,4.07,70.16
2026-06-27,3.5,3.75,,
2026-06-28,3.5,3.75,,
2026-06-29,3.5,3.75,4.1,71.59
2026-06-30,3.5,3.75,4.14,70.46
2026-07-01,3.5,3.75,4.17,69.24
2026-07-02,3.5,3.75,4.14,68.53
2026-07-03,3.5,3.75,,68.68
2026-07-04,3.5,3.75,,
2026-07-05,3.5,3.75,,
2026-07-06,3.5,3.75,4.13,69.56
2026-07-07,3.5,3.75,4.19,71.78
2026-07-08,3.5,3.75,4.21,76.5
2026-07-09,3.5,3.75,4.16,74.46
2026-07-10,3.5,3.75,4.21,74.34
2026-07-11,3.5,3.75,,
2026-07-12,3.5,3.75,,
2026-07-13,3.5,3.75,4.26,81.62
2026-07-14,3.5,3.75,4.18,83.69
2026-07-15,3.5,3.75,4.13,83.08
2026-07-16,3.5,3.75,4.16,81.23
2026-07-17,3.5,3.75,4.18,85.01
2026-07-18,3.5,3.75,,
2026-07-19,3.5,3.75,,
2026-07-20,3.5,3.75,4.21,86.99
2026-07-21,3.5,3.75,4.26,93.85
2026-07-22,3.5,3.75,4.31,94.12
2026-07-23,3.5,3.75,4.37,105.32
2026-07-24,3.5,3.75,4.33,100.31
2026-07-25,3.5,3.75,,
2026-07-26,3.5,3.75,,
2026-07-27,3.5,3.75,4.31,91.82
2026-07-28,3.5,3.75,4.26,85.51
2026-07-29,3.5,3.75,4.22,91.95
2026-07-30,3.5,3.75,4.23,91.91
2026-07-31,3.5,3.75,4.28,96.95
2026-08-01,3.5,3.75,,
2026-08-02,3.5,3.75,,
2026-08-03,3.5,3.75,4.25,88.9
2026-08-04,3.5,3.75,4.2,86.47
2026-08-05,3.5,3.75,4.18,86.65
2026-08-06,3.5,3.75,4.25,89.65
2026-08-07,3.5,3.75,4.19,87.62
2026-08-08,3.5,3.75,,
2026-08-09,3.5,3.75,,
2026-08-10,3.5,3.75,4.25,92.74
2026-08-11,3.5,3.75,4.22,93.26
2026-08-12,3.5,3.75,4.2,92.52
2026-08-13,3.5,3.75,4.15,92.03
2026-08-14,3.5,3.75,4.17,92.02
2026-08-15,3.5,3.75,,
2026-08-16,3.5,3.75,,
2026-08-17,3.5,3.75,4.19,92.43
2026-08-18,3.5,3.75,4.19,95.29
2026-08-19,3.5,3.75,4.19,92.37
2026-08-20,3.5,3.75,4.19,94.0
2026-08-21,3.5,3.75,4.24,96.92
2026-08-22,3.5,3.75,,
2026-08-23,3.5,3.75,,
2026-08-24,3.5,3.75,4.24,92.71
2026-08-25,3.5,3.75,4.17,88.24
2026-08-26,3.5,3.75,4.19,87.77
2026-08-27,3.5,3.75,4.2,90.18
2026-08-28,3.5,3.75,4.34,89.75
2026-08-29,3.5,3.75,,
2026-08-30,3.5,3.75,,
2026-08-31,3.5,3.75,4.34,
2026-09-01,3.5,3.75,4.39,96.02
2026-09-02,3.5,3.75,4.39,97.59
2026-09-03,3.5,3.75,4.34,100.52
2026-09-04,3.5,3.75,4.37,102.24
2026-09-05,3.5,3.75,,
2026-09-06,3.5,3.75,,
2026-09-07,3.5,3.75,,104.47
2026-09-08,3.5,3.75,4.39,106.12
2026-09-09,3.5,3.75,4.43,109.51
2026-09-10,3.5,3.75,4.56,120.98
2026-09-11,3.5,3.75,4.63,118.06
2026-09-12,3.5,3.75,,
2026-09-13,3.5,3.75,,
2026-09-14,3.5,3.75,4.65,121.25
2026-09-15,3.5,3.75,4.67,130.8
2026-09-16,3.5,3.75,4.74,127.84
2026-09-17,3.75,4.0,4.67,121.18
2026-09-18,3.75,4.0,4.76,119.66
