date,CPIAUCSL,CPILFESL,CPIENGSL,CUSR0000SAH1,PCEPI,PCEPILFE,PAYEMS,UNRATE
2023-01-01,300.42,302.642,292.615,369.911,119.018,117.505,154776.0,3.5
2023-02-01,301.45,304.123,288.702,372.636,119.369,117.929,155066.0,3.6
2023-03-01,301.821,305.147,282.868,374.678,119.538,118.315,155134.0,3.5
2023-04-01,302.845,306.534,280.86,376.404,119.951,118.734,155375.0,3.4
2023-05-01,303.334,307.652,274.273,378.304,120.15,119.083,155655.0,3.6
2023-06-01,304.014,308.322,275.712,380.155,120.469,119.39,155880.0,3.6
2023-07-01,304.609,308.96,275.548,381.895,120.607,119.556,156043.0,3.5
2023-08-01,306.082,309.58,287.31,382.947,120.97,119.689,156261.0,3.7
2023-09-01,307.276,310.539,292.623,385.285,121.419,120.058,156417.0,3.7
2023-10-01,307.696,311.457,286.765,386.771,121.484,120.241,156576.0,3.9
2023-11-01,308.148,312.392,282.146,388.525,121.493,120.374,156703.0,3.7
2023-12-01,308.741,313.195,280.763,390.139,121.66,120.592,156857.0,3.8
2024-01-01,309.698,314.319,279.953,392.322,122.23,121.217,157032.0,3.7
2024-02-01,310.967,315.564,283.331,394.078,122.598,121.537,157238.0,3.9
2024-03-01,312.345,316.792,288.688,395.827,123.038,122.009,157466.0,3.9
2024-04-01,313.023,317.649,287.611,397.196,123.341,122.304,157530.0,3.9
2024-05-01,313.175,318.095,284.165,398.689,123.348,122.383,157608.0,3.9
2024-06-01,313.044,318.39,278.284,399.699,123.539,122.677,157695.0,4.1
2024-07-01,313.569,318.94,278.287,401.139,123.736,122.911,157748.0,4.2
2024-08-01,314.062,319.75,275.706,402.895,123.889,123.128,157757.0,4.2
2024-09-01,314.732,320.732,272.681,403.956,124.164,123.466,157912.0,4.1
2024-10-01,315.631,321.731,273.003,405.721,124.494,123.832,157945.0,4.1
2024-11-01,316.528,322.657,273.281,407.114,124.637,123.962,158079.0,4.2
2024-12-01,317.604,323.259,279.829,408.165,124.979,124.196,158316.0,4.1
2025-01-01,318.961,324.638,282.272,409.579,125.417,124.587,158268.0,4.0
2025-02-01,319.679,325.465,282.096,410.793,125.921,125.145,158310.0,4.2
2025-03-01,319.785,325.69,278.906,411.639,125.941,125.267,158377.0,4.2
2025-04-01,320.302,326.467,277.343,413.04,126.15,125.502,158485.0,4.2
2025-05-01,320.62,326.893,275.377,414.109,126.38,125.79,158498.0,4.3
2025-06-01,321.435,327.658,276.558,414.981,126.743,126.121,158478.0,4.1
2025-07-01,322.169,328.682,274.85,415.931,126.96,126.43,158542.0,4.3
2025-08-01,323.291,329.7,276.734,417.555,127.293,126.714,158472.0,4.3
2025-09-01,324.245,330.418,280.7,418.422,127.625,126.954,158548.0,4.4
2025-10-01,,,,,127.871,127.243,158408.0,
2025-11-01,325.063,331.043,284.648,419.431,128.152,127.469,158449.0,4.5
2025-12-01,326.031,331.814,285.624,421.039,128.576,127.886,158432.0,4.4
2026-01-01,326.588,332.793,281.436,421.965,129.023,128.455,158592.0,4.3
2026-02-01,327.46,333.512,283.223,422.942,129.539,128.961,158436.0,4.4
2026-03-01,330.293,334.165,314.019,424.069,130.403,129.343,158650.0,4.3
2026-04-01,332.407,335.423,325.978,426.642,130.946,129.681,158798.0,4.3
2026-05-01,333.979,336.121,338.639,427.998,131.576,130.147,158861.0,4.3
2026-06-01,332.568,336.065,319.29,428.501,131.454,130.338,158892.0,4.2
2026-07-01,332.813,336.789,314.553,429.095,131.659,130.658,158913.0,4.1
2026-08-01,334.131,337.765,321.148,430.227,,,159075.0,4.1
