date,CPIAUCSL,CPILFESL
2024-01-01,309.698,314.319
2024-02-01,310.967,315.564
2024-03-01,312.345,316.792
2024-04-01,313.023,317.649
2024-05-01,313.175,318.095
2024-06-01,313.044,318.39
2024-07-01,313.569,318.94
2024-08-01,314.062,319.75
2024-09-01,314.732,320.732
2024-10-01,315.631,321.731
2024-11-01,316.528,322.657
2024-12-01,317.604,323.259
2025-01-01,318.961,324.638
2025-02-01,319.679,325.465
2025-03-01,319.785,325.69
2025-04-01,320.302,326.467
2025-05-01,320.62,326.893
2025-06-01,321.435,327.658
2025-07-01,322.169,328.682
2025-08-01,323.291,329.7
2025-09-01,324.245,330.418
2025-10-01,,
2025-11-01,325.063,331.043
2025-12-01,326.031,331.814
2026-01-01,326.588,332.793
2026-02-01,327.46,333.512
2026-03-01,330.293,334.165
2026-04-01,332.407,335.423
2026-05-01,333.979,336.121
2026-06-01,332.568,336.065
2026-07-01,332.813,336.789
