date,DGS10,DFII10,T10YIE,T5YIE,T5YIFR,DGS2,DCOILBRENTEU
2025-06-02,4.46,2.13,2.33,2.38,2.28,3.94,66.55
2025-06-03,4.46,2.14,2.32,2.38,2.26,3.96,67.48
2025-06-04,4.37,2.06,2.31,2.32,2.3,3.87,66.69
2025-06-05,4.4,2.11,2.29,2.31,2.27,3.92,67.14
2025-06-06,4.51,2.2,2.31,2.35,2.27,4.04,68.02
2025-06-09,4.49,2.18,2.31,2.34,2.28,4.01,68.73
2025-06-10,4.47,2.18,2.29,2.32,2.26,4.01,68.41
2025-06-11,4.41,2.14,2.27,2.3,2.24,3.94,71.29
2025-06-12,4.36,2.11,2.25,2.28,2.22,3.9,70.84
2025-06-13,4.41,2.13,2.28,2.31,2.25,3.96,76.0
2025-06-16,4.46,2.16,2.3,2.32,2.28,3.97,75.05
2025-06-17,4.39,2.08,2.31,2.35,2.27,3.94,78.7
2025-06-18,4.38,2.07,2.31,2.36,2.26,3.94,78.38
2025-06-19,,,,,,,80.37
2025-06-20,4.38,2.05,2.33,2.37,2.29,3.9,78.73
2025-06-23,4.34,2.04,2.3,2.33,2.27,3.84,74.34
2025-06-24,4.3,2.01,2.29,2.3,2.28,3.75,69.13
2025-06-25,4.29,2.01,2.28,2.28,2.28,3.74,68.4
2025-06-26,4.26,1.98,2.28,2.29,2.27,3.7,68.57
2025-06-27,4.29,2.0,2.29,2.31,2.27,3.73,69.37
2025-06-30,4.24,1.95,2.29,2.31,2.27,3.72,68.15
2025-07-01,4.26,1.97,2.29,2.32,2.26,3.78,67.63
2025-07-02,4.3,2.0,2.3,2.34,2.26,3.78,70.8
2025-07-03,4.35,2.02,2.33,2.37,2.29,3.88,70.42
2025-07-04,,,,,,,71.03
2025-07-07,4.4,2.05,2.35,2.4,2.3,3.9,71.95
2025-07-08,4.42,2.07,2.35,2.39,2.31,3.9,72.5
2025-07-09,4.34,2.01,2.33,2.38,2.28,3.86,71.98
2025-07-10,4.35,2.01,2.34,2.39,2.29,3.86,70.38
2025-07-11,4.43,2.06,2.37,2.44,2.3,3.9,72.06
2025-07-14,4.43,2.04,2.39,2.45,2.33,3.9,70.96
2025-07-15,4.5,2.09,2.41,2.48,2.34,3.95,70.27
2025-07-16,4.46,2.05,2.41,2.49,2.33,3.88,69.67
2025-07-17,4.47,2.04,2.43,2.53,2.33,3.91,71.32
2025-07-18,4.44,2.03,2.41,2.5,2.32,3.88,71.06
2025-07-21,4.38,1.98,2.4,2.49,2.31,3.85,71.92
2025-07-22,4.35,1.96,2.39,2.47,2.31,3.83,69.69
2025-07-23,4.4,2.03,2.37,2.44,2.3,3.88,69.17
2025-07-24,4.43,1.98,2.45,2.5,2.4,3.91,70.42
2025-07-25,4.4,1.96,2.44,2.47,2.41,3.91,69.23
2025-07-28,4.42,1.98,2.44,2.47,2.41,3.91,70.87
2025-07-29,4.34,1.91,2.43,2.48,2.38,3.86,73.21
2025-07-30,4.38,1.96,2.42,2.48,2.36,3.94,73.98
2025-07-31,4.37,1.98,2.39,2.46,2.32,3.94,73.43
2025-08-01,4.23,1.9,2.33,2.38,2.28,3.69,70.55
2025-08-04,4.22,1.85,2.37,2.41,2.33,3.69,69.56
2025-08-05,4.22,1.86,2.36,2.41,2.31,3.72,69.14
2025-08-06,4.22,1.88,2.34,2.4,2.28,3.69,67.97
2025-08-07,4.23,1.88,2.35,2.41,2.29,3.72,66.99
2025-08-08,4.27,1.88,2.39,2.46,2.32,3.76,67.17
2025-08-11,4.27,1.87,2.4,2.46,2.34,3.76,67.36
2025-08-12,4.29,1.91,2.38,2.43,2.33,3.72,66.8
2025-08-13,4.24,1.87,2.37,2.42,2.32,3.67,66.25
2025-08-14,4.29,1.9,2.39,2.43,2.35,3.74,68.12
2025-08-15,4.33,1.95,2.38,2.42,2.34,3.75,67.3
2025-08-18,4.34,1.96,2.38,2.42,2.34,3.77,68.18
2025-08-19,4.3,1.95,2.35,2.39,2.31,3.75,66.62
2025-08-20,4.29,1.94,2.35,2.4,2.3,3.74,67.61
2025-08-21,4.33,1.94,2.39,2.44,2.34,3.79,68.41
2025-08-22,4.26,1.85,2.41,2.48,2.34,3.68,68.29
2025-08-25,4.28,1.87,2.41,2.49,2.33,3.73,
2025-08-26,4.26,1.84,2.42,2.5,2.34,3.61,66.89
2025-08-27,4.24,1.81,2.43,2.5,2.36,3.59,67.75
2025-08-28,4.22,1.81,2.41,2.49,2.33,3.62,68.61
2025-08-29,4.23,1.82,2.41,2.47,2.35,3.59,67.83
2025-09-01,,,,,,,67.09
2025-09-02,4.28,1.87,2.41,2.48,2.34,3.66,68.09
2025-09-03,4.22,1.82,2.4,2.46,2.34,3.61,67.76
2025-09-04,4.17,1.79,2.38,2.44,2.32,3.59,66.41
2025-09-05,4.1,1.73,2.37,2.42,2.32,3.51,64.92
2025-09-08,4.05,1.7,2.35,2.41,2.29,3.49,65.44
2025-09-09,4.08,1.72,2.36,2.43,2.29,3.54,67.97
2025-09-10,4.04,1.69,2.35,2.41,2.29,3.54,67.62
2025-09-11,4.01,1.67,2.34,2.41,2.27,3.52,67.25
2025-09-12,4.06,1.7,2.36,2.42,2.3,3.56,67.87
2025-09-15,4.05,1.68,2.37,2.41,2.33,3.54,67.88
2025-09-16,4.04,1.67,2.37,2.42,2.32,3.51,69.69
2025-09-17,4.06,1.68,2.38,2.43,2.33,3.52,69.19
2025-09-18,4.11,1.73,2.38,2.44,2.32,3.57,67.83
2025-09-19,4.14,1.75,2.39,2.43,2.35,3.57,67.05
2025-09-22,4.15,1.78,2.37,2.42,2.32,3.61,66.87
2025-09-23,4.12,1.75,2.37,2.42,2.32,3.53,67.96
2025-09-24,4.16,1.78,2.38,2.42,2.34,3.57,69.64
2025-09-25,4.18,1.8,2.38,2.42,2.34,3.64,70.48
2025-09-26,4.2,1.82,2.38,2.42,2.34,3.63,71.15
2025-09-29,4.15,1.8,2.35,2.41,2.29,3.63,69.0
2025-09-30,4.16,1.8,2.36,2.42,2.3,3.6,68.52
2025-10-01,4.12,1.77,2.35,2.39,2.31,3.55,66.67
2025-10-02,4.1,1.76,2.34,2.37,2.31,3.55,65.44
2025-10-03,4.13,1.8,2.33,2.38,2.28,3.58,66.13
2025-10-06,4.18,1.84,2.34,2.38,2.3,3.6,67.09
2025-10-07,4.14,1.79,2.35,2.39,2.31,3.57,67.1
2025-10-08,4.13,1.78,2.35,2.39,2.31,3.58,67.42
2025-10-09,4.14,1.8,2.34,2.39,2.29,3.6,67.23
2025-10-10,4.05,1.75,2.3,2.35,2.25,3.52,64.41
2025-10-13,,,,,,,64.15
2025-10-14,4.03,1.73,2.3,2.33,2.27,3.48,63.0
2025-10-15,4.05,1.76,2.29,2.33,2.25,3.5,62.33
2025-10-16,3.99,1.71,2.28,2.29,2.27,3.41,61.08
2025-10-17,4.02,1.75,2.27,2.29,2.25,3.46,61.23
2025-10-20,4.0,1.74,2.26,2.28,2.24,3.46,60.71
2025-10-21,3.98,1.7,2.28,2.3,2.26,3.45,61.0
2025-10-22,3.97,1.68,2.29,2.32,2.26,3.45,62.28
2025-10-23,4.01,1.71,2.3,2.42,2.18,3.48,66.32
2025-10-24,4.02,1.73,2.29,2.4,2.18,3.48,65.8
2025-10-27,4.01,1.73,2.28,2.37,2.19,3.48,65.52
2025-10-28,3.99,1.71,2.28,2.36,2.2,3.47,64.03
2025-10-29,4.08,1.78,2.3,2.37,2.23,3.59,65.01
2025-10-30,4.11,1.82,2.29,2.38,2.2,3.61,65.11
2025-10-31,4.11,1.81,2.3,2.4,2.2,3.6,65.44
2025-11-03,4.13,1.82,2.31,2.41,2.21,3.6,65.79
2025-11-04,4.1,1.81,2.29,2.38,2.2,3.58,65.04
2025-11-05,4.17,1.87,2.3,2.39,2.21,3.63,63.54
2025-11-06,4.11,1.83,2.28,2.37,2.19,3.57,63.41
2025-11-07,4.11,1.83,2.28,2.36,2.2,3.55,63.72
2025-11-10,4.13,1.84,2.29,2.38,2.2,3.58,63.01
2025-11-11,,,,,,,63.86
2025-11-12,4.08,1.81,2.27,2.37,2.17,3.56,61.88
2025-11-13,4.11,1.83,2.28,2.37,2.19,3.58,62.14
2025-11-14,4.14,1.86,2.28,2.38,2.18,3.62,63.45
2025-11-17,4.13,1.85,2.28,2.37,2.19,3.6,63.16
2025-11-18,4.12,1.85,2.27,2.36,2.18,3.58,64.86
2025-11-19,4.13,1.86,2.27,2.36,2.18,3.58,63.78
2025-11-20,4.1,1.86,2.24,2.34,2.14,3.55,63.64
2025-11-21,4.06,1.82,2.24,2.32,2.16,3.51,62.78
2025-11-24,4.04,1.81,2.23,2.3,2.16,3.46,64.83
2025-11-25,4.01,1.79,2.22,2.27,2.17,3.43,63.99
2025-11-26,4.0,1.77,2.23,2.29,2.17,3.45,64.81
2025-11-27,,,,,,,64.18
2025-11-28,4.02,1.79,2.23,2.29,2.17,3.47,64.07
2025-12-01,4.09,1.85,2.24,2.31,2.17,3.54,64.22
2025-12-02,4.09,1.85,2.24,2.3,2.18,3.51,63.37
2025-12-03,4.06,1.82,2.24,2.29,2.19,3.49,63.75
2025-12-04,4.11,1.85,2.26,2.33,2.19,3.52,64.15
2025-12-05,4.14,1.88,2.26,2.34,2.18,3.56,64.42
2025-12-08,4.17,1.91,2.26,2.32,2.2,3.57,63.3
2025-12-09,4.18,1.92,2.26,2.32,2.2,3.61,62.62
2025-12-10,4.13,1.88,2.25,2.32,2.18,3.54,63.12
2025-12-11,4.14,1.89,2.25,2.32,2.18,3.52,61.87
2025-12-12,4.19,1.93,2.26,2.32,2.2,3.52,62.11
2025-12-15,4.18,1.93,2.25,2.29,2.21,3.51,61.55
2025-12-16,4.15,1.92,2.23,2.25,2.21,3.48,59.93
2025-12-17,4.16,1.92,2.24,2.26,2.22,3.49,60.61
2025-12-18,4.12,1.88,2.24,2.26,2.22,3.46,60.69
2025-12-19,4.16,1.92,2.24,2.27,2.21,3.48,61.35
2025-12-22,4.17,1.94,2.23,2.25,2.21,3.44,62.22
2025-12-23,4.18,1.94,2.24,2.24,2.24,3.48,63.7
2025-12-24,4.15,1.91,2.24,2.24,2.24,3.47,63.7
2025-12-25,,,,,,,
2025-12-26,4.14,1.91,2.23,2.22,2.24,3.46,
2025-12-29,4.12,1.9,2.22,2.23,2.21,3.45,63.1
2025-12-30,4.14,1.9,2.24,2.25,2.23,3.45,62.3
2025-12-31,4.18,1.93,2.25,2.26,2.24,3.47,61.35
2026-01-01,,,,,,,
2026-01-02,4.19,1.94,2.25,2.28,2.22,3.47,61.98
2026-01-05,4.17,1.91,2.26,2.29,2.23,3.46,63.0
2026-01-06,4.18,1.91,2.27,2.3,2.24,3.47,62.1
2026-01-07,4.15,1.88,2.27,2.3,2.24,3.47,61.08
2026-01-08,4.19,1.92,2.27,2.31,2.23,3.49,63.34
2026-01-09,4.18,1.9,2.28,2.32,2.24,3.54,65.11
2026-01-12,4.19,1.9,2.29,2.36,2.22,3.54,65.4
2026-01-13,4.18,1.88,2.3,2.37,2.23,3.53,67.58
2026-01-14,4.15,1.86,2.29,2.36,2.22,3.51,68.87
2026-01-15,4.17,1.88,2.29,2.36,2.22,3.56,66.16
2026-01-16,4.24,1.91,2.33,2.39,2.27,3.59,66.97
2026-01-19,,,,,,,66.91
2026-01-20,4.3,1.97,2.33,2.4,2.26,3.6,67.68
2026-01-21,4.26,1.92,2.34,2.42,2.26,3.6,66.72
2026-01-22,4.26,1.95,2.31,2.42,2.2,3.61,65.46
2026-01-23,4.24,1.92,2.32,2.46,2.18,3.6,68.16
2026-01-26,4.22,1.9,2.32,2.45,2.19,3.56,67.7
2026-01-27,4.24,1.9,2.34,2.47,2.21,3.53,70.28
2026-01-28,4.26,1.9,2.36,2.5,2.22,3.56,70.9
2026-01-29,4.24,1.89,2.35,2.52,2.18,3.53,71.0
2026-01-30,4.26,1.9,2.36,2.53,2.19,3.52,72.25
2026-02-02,4.29,1.94,2.35,2.52,2.18,3.57,67.72
2026-02-03,4.28,1.92,2.36,2.53,2.19,3.57,70.01
2026-02-04,4.29,1.94,2.35,2.51,2.19,3.57,71.15
2026-02-05,4.21,1.89,2.32,2.48,2.16,3.47,69.87
2026-02-06,4.22,1.88,2.34,2.5,2.18,3.5,70.45
2026-02-09,4.22,1.87,2.35,2.5,2.2,3.48,71.19
2026-02-10,4.16,1.84,2.32,2.47,2.17,3.45,71.01
2026-02-11,4.18,1.86,2.32,2.49,2.15,3.52,71.52
2026-02-12,4.09,1.8,2.29,2.45,2.13,3.47,69.8
2026-02-13,4.04,1.77,2.27,2.42,2.12,3.4,69.96
2026-02-16,,,,,,,70.81
2026-02-17,4.05,1.79,2.26,2.39,2.13,3.43,69.77
2026-02-18,4.09,1.8,2.29,2.43,2.15,3.47,71.78
2026-02-19,4.08,1.79,2.29,2.43,2.15,3.47,73.17
2026-02-20,4.08,1.8,2.28,2.43,2.13,3.48,72.75
2026-02-23,4.03,1.77,2.26,2.4,2.12,3.43,71.9
2026-02-24,4.04,1.78,2.26,2.4,2.12,3.43,71.21
2026-02-25,4.05,1.77,2.28,2.42,2.14,3.45,70.69
2026-02-26,4.02,1.74,2.28,2.43,2.13,3.42,71.66
2026-02-27,3.97,1.72,2.25,2.4,2.1,3.38,71.32
2026-03-02,4.05,1.76,2.29,2.46,2.12,3.47,77.24
2026-03-03,4.06,1.77,2.29,2.46,2.12,3.51,83.28
2026-03-04,4.09,1.8,2.29,2.46,2.12,3.54,81.56
2026-03-05,4.13,1.82,2.31,2.51,2.11,3.57,88.59
2026-03-06,4.15,1.8,2.35,2.56,2.14,3.56,95.74
2026-03-09,4.12,1.78,2.34,2.56,2.12,3.56,94.35
2026-03-10,4.15,1.82,2.33,2.53,2.13,3.57,89.84
2026-03-11,4.21,1.85,2.36,2.58,2.14,3.64,90.98
2026-03-12,4.27,1.89,2.38,2.63,2.13,3.76,102.38
2026-03-13,4.28,1.92,2.36,2.61,2.11,3.73,103.23
2026-03-16,4.23,1.87,2.36,2.58,2.14,3.68,101.04
2026-03-17,4.2,1.83,2.37,2.62,2.12,3.68,108.39
2026-03-18,4.26,1.86,2.4,2.66,2.14,3.76,118.09
2026-03-19,4.25,1.88,2.37,2.61,2.13,3.79,111.05
2026-03-20,4.39,2.01,2.38,2.63,2.13,3.88,118.42
2026-03-23,4.34,2.01,2.33,2.53,2.13,3.83,103.79
2026-03-24,4.39,2.06,2.33,2.55,2.11,3.9,108.42
2026-03-25,4.33,2.02,2.31,2.51,2.11,3.84,109.14
2026-03-26,4.42,2.08,2.34,2.56,2.12,3.96,113.39
2026-03-27,4.44,2.13,2.31,2.56,2.06,3.88,121.47
2026-03-30,4.35,2.04,2.31,2.57,2.05,3.82,121.88
2026-03-31,4.3,2.0,2.3,2.54,2.06,3.79,126.69
2026-04-01,4.33,2.02,2.31,2.55,2.07,3.81,119.56
2026-04-02,4.31,1.97,2.34,2.57,2.11,3.79,127.61
2026-04-03,4.35,1.99,2.36,2.61,2.11,3.84,
2026-04-06,4.34,1.98,2.36,2.6,2.12,3.84,
2026-04-07,4.33,1.96,2.37,2.61,2.13,3.81,138.21
2026-04-08,4.29,1.96,2.33,2.56,2.1,3.79,122.11
2026-04-09,4.29,1.95,2.34,2.56,2.12,3.78,119.03
2026-04-10,4.31,1.95,2.36,2.58,2.14,3.81,119.07
2026-04-13,4.3,1.92,2.38,2.61,2.15,3.78,123.28
2026-04-14,4.26,1.89,2.37,2.59,2.15,3.76,118.69
2026-04-15,4.29,1.9,2.39,2.61,2.17,3.76,114.93
2026-04-16,4.32,1.93,2.39,2.6,2.18,3.78,116.63
2026-04-17,4.26,1.9,2.36,2.56,2.16,3.71,98.63
2026-04-20,4.26,1.91,2.35,2.57,2.13,3.72,103.4
2026-04-21,4.3,1.92,2.38,2.6,2.16,3.78,106.14
2026-04-22,4.3,1.92,2.38,2.61,2.15,3.79,113.44
2026-04-23,4.34,1.92,2.42,2.58,2.26,3.83,113.25
2026-04-24,4.31,1.89,2.42,2.61,2.23,3.78,111.86
2026-04-27,4.35,1.91,2.44,2.62,2.26,3.78,113.89
2026-04-28,4.36,1.92,2.44,2.63,2.25,3.84,117.62
2026-04-29,4.42,1.96,2.46,2.67,2.25,3.92,124.16
2026-04-30,4.4,1.94,2.46,2.67,2.25,3.88,124.24
2026-05-01,4.39,1.91,2.48,2.69,2.27,3.88,118.26
2026-05-04,4.45,1.95,2.5,2.72,2.28,3.95,
2026-05-05,4.43,1.96,2.47,2.67,2.27,3.93,114.51
2026-05-06,4.36,1.94,2.42,2.58,2.26,3.87,103.7
2026-05-07,4.41,1.96,2.45,2.61,2.29,3.92,101.82
2026-05-08,4.38,1.93,2.45,2.62,2.28,3.9,103.48
2026-05-11,4.42,1.95,2.47,2.67,2.27,3.95,106.11
2026-05-12,4.46,1.99,2.47,2.69,2.25,4.0,111.37
2026-05-13,4.46,1.99,2.47,2.7,2.24,3.98,110.28
2026-05-14,4.47,2.0,2.47,2.67,2.27,4.0,110.91
2026-05-15,4.59,2.1,2.49,2.7,2.28,4.09,113.96
2026-05-18,4.61,2.13,2.48,2.69,2.27,4.07,116.73
2026-05-19,4.67,2.18,2.49,2.66,2.32,4.13,114.64
2026-05-20,4.57,2.13,2.44,2.59,2.29,4.04,108.93
2026-05-21,4.57,2.18,2.39,2.57,2.21,4.08,105.84
2026-05-22,4.56,2.16,2.4,2.54,2.26,4.13,106.9
2026-05-25,,,,,,,
2026-05-26,4.5,2.1,2.4,2.53,2.27,4.01,102.75
2026-05-27,4.48,2.09,2.39,2.53,2.25,4.0,97.11
2026-05-28,4.45,2.06,2.39,2.54,2.24,3.99,95.47
2026-05-29,4.45,2.07,2.38,2.52,2.24,3.98,92.88
2026-06-01,4.47,2.07,2.4,2.54,2.26,4.05,98.29
2026-06-02,4.46,2.07,2.39,2.52,2.26,4.05,98.49
2026-06-03,4.49,2.11,2.38,2.53,2.23,4.08,101.69
2026-06-04,4.47,2.11,2.36,2.48,2.24,4.05,98.98
2026-06-05,4.55,2.19,2.36,2.48,2.24,4.17,97.29
2026-06-08,4.56,2.21,2.35,2.47,2.23,4.15,97.46
2026-06-09,4.53,2.2,2.33,2.44,2.22,4.13,94.15
2026-06-10,4.55,2.21,2.34,2.44,2.24,4.13,95.73
2026-06-11,4.45,2.16,2.29,2.4,2.18,4.05,92.84
2026-06-12,4.48,2.17,2.31,2.39,2.23,4.09,88.64
2026-06-15,4.47,2.15,2.32,2.4,2.24,4.07,84.36
2026-06-16,4.43,2.14,2.29,2.36,2.22,4.05,80.5
2026-06-17,4.49,2.23,2.26,2.31,2.21,4.2,80.33
2026-06-18,4.46,2.21,2.25,2.27,2.23,4.19,79.35
2026-06-19,,,,,,,80.46
2026-06-22,4.51,2.28,2.23,2.28,2.18,4.24,76.49
2026-06-23,4.5,2.29,2.21,2.24,2.18,4.16,75.69
2026-06-24,4.41,2.23,2.18,2.19,2.17,4.11,72.09
2026-06-25,4.4,2.19,2.21,2.23,2.19,4.09,73.74
2026-06-26,4.38,2.18,2.2,2.21,2.19,4.07,70.16
2026-06-29,4.38,2.16,2.22,2.24,2.2,4.1,71.59
2026-06-30,4.44,2.2,2.24,2.26,2.22,4.14,70.46
2026-07-01,4.48,2.25,2.23,2.26,2.2,4.17,69.24
2026-07-02,4.49,2.26,2.23,2.24,2.22,4.14,68.53
2026-07-03,,,,,,,68.68
2026-07-06,4.48,2.24,2.24,2.27,2.21,4.13,69.56
2026-07-07,4.55,2.3,2.25,2.28,2.22,4.19,71.78
2026-07-08,4.56,2.31,2.25,2.31,2.19,4.21,76.5
2026-07-09,4.54,2.31,2.23,2.28,2.18,4.16,74.46
2026-07-10,4.56,2.32,2.24,2.28,2.2,4.21,74.34
2026-07-13,4.62,2.36,2.26,2.31,2.21,4.26,81.62
2026-07-14,4.58,2.33,2.25,2.28,2.22,4.18,83.69
2026-07-15,4.55,2.32,2.23,2.25,2.21,4.13,83.08
2026-07-16,4.57,2.35,2.22,2.24,2.2,4.16,81.23
2026-07-17,4.55,2.31,2.24,2.27,2.21,4.18,85.01
2026-07-20,4.6,2.35,2.25,2.28,2.22,4.21,86.99
2026-07-21,4.63,2.37,2.26,2.28,2.24,4.26,93.85
2026-07-22,4.67,2.39,2.28,2.3,2.26,4.31,94.12
2026-07-23,4.71,2.43,2.28,2.29,2.27,4.37,105.32
2026-07-24,4.69,2.43,2.26,2.24,2.28,4.33,100.31
2026-07-27,4.65,2.44,2.21,2.18,2.24,4.31,91.82
2026-07-28,4.61,2.41,2.2,2.16,2.24,4.26,85.51
2026-07-29,4.67,2.41,2.26,2.24,2.28,4.22,91.95
2026-07-30,4.68,2.41,2.27,2.24,2.3,4.23,91.91
2026-07-31,4.75,2.47,2.28,2.26,2.3,4.28,96.95
2026-08-03,4.7,2.43,2.27,2.23,2.31,4.25,88.9
2026-08-04,4.63,2.4,2.23,2.19,2.27,4.2,86.47
2026-08-05,4.63,2.41,2.22,2.18,2.26,4.18,86.65
2026-08-06,4.69,2.43,2.26,2.23,2.29,4.25,89.65
2026-08-07,4.65,2.4,2.25,2.22,2.28,4.19,87.62
2026-08-10,4.72,2.43,2.29,2.25,2.33,4.25,92.74
2026-08-11,4.7,2.43,2.27,2.23,2.31,4.22,93.26
2026-08-12,4.68,2.42,2.26,2.24,2.28,4.2,92.52
2026-08-13,4.63,2.39,2.24,2.21,2.27,4.15,92.03
2026-08-14,4.68,2.41,2.27,2.24,2.3,4.17,92.02
2026-08-17,4.72,2.44,2.28,2.25,2.31,4.19,92.43
2026-08-18,4.71,2.41,2.3,2.27,2.33,4.19,95.29
2026-08-19,4.65,2.35,2.3,2.28,2.32,4.19,92.37
2026-08-20,4.69,2.35,2.34,2.34,2.34,4.19,94.0
2026-08-21,4.74,2.4,2.34,2.34,2.34,4.24,96.92
2026-08-24,4.7,2.38,2.32,2.32,2.32,4.24,92.71
2026-08-25,4.64,2.32,2.32,2.31,2.33,4.17,88.24
2026-08-26,4.66,2.34,2.32,2.31,2.33,4.19,87.77
2026-08-27,4.67,2.34,2.33,2.31,2.35,4.2,90.18
2026-08-28,4.73,2.42,2.31,2.3,2.32,4.34,89.75
2026-08-31,4.75,2.44,2.31,2.31,2.31,4.34,
2026-09-01,4.79,2.44,2.35,2.37,2.33,4.39,96.02
2026-09-02,4.79,2.45,2.34,2.35,2.33,4.39,97.59
2026-09-03,4.77,2.42,2.35,2.37,2.33,4.34,100.52
2026-09-04,4.78,2.43,2.35,2.37,2.33,4.37,102.24
